shp,ruta,total,geom,campos,en_6m,YOPAL,AGUAZUL,MONTERREY,SABANALARGA,TAURAMENA,VILLANUEVA
RiesgoIncendios_CondicionesNormales_Corredor.shp,BASE_RICARDO\03_VUR3_AMENAZAS_NATURALES\RECORTADAS_CORREDOR\RiesgoIncendios_CondicionesNormales_Corredor.shp,369,Polygon,CLASIFICAC|Shape_Leng|Shape_Area,249,85,61,23,12,43,25
Instituciones_Educativas_Corredor.shp,BASE_RICARDO\10_VUR10_SERVICIOS_SOCIALES\Instituciones_Educativas_Corredor.shp,11,Point,mpio_cdpmp|municipio|TOTAL_ESTB|ANIO_DATO|DETALLE_NV,6,1,1,1,1,1,1
IPM_Corredor.shp,BASE_RICARDO\10_VUR10_SERVICIOS_SOCIALES\IPM_Corredor.shp,6,Polygon,DPTO_CCDGO|MPIO_CNMBR|MPIO_NAREA|MPIO_CCNCT|DPTO_CNMBR|IPM,6,1,1,1,1,1,1
IPS_Salud_Corredor.shp,BASE_RICARDO\10_VUR10_SERVICIOS_SOCIALES\IPS_Salud_Corredor.shp,157,Point,OBJECTID|CodigoHabi|Naturaleza|Nombre|Direccion|NombrePres|TipoZona|Barrio|Telefono|NOM_DPTO|NOM_MPIO|GlobalID|Prioridad|x|y|codigohab_|codigoha_1|codigo_c12|codigo_c10|nombre_1|nombre_dat|ese|nivel|naju_nombr|mpio_cdpmp,157,119,10,10,1,5,12
Sedes_Educativas_Corredor.shp,BASE_RICARDO\10_VUR10_SERVICIOS_SOCIALES\Sedes_Educativas_Corredor.shp,270,Point,NOMBRE_SED|NOMBRE_IE|COD_SEDE|COD_IE|MUNICIPIO|COD_DANE|NIVELES|SECTOR|ZONA|DIRECCION|MATRICULA|FUENTE|PRECISION|ANIO|TIPO_EST,270,143,51,14,13,28,21
Vinculos_Flechas.shp,BASE_RICARDO\10_VUR10_SERVICIOS_SOCIALES\Vinculos_Flechas.shp,12,Polygon,OFERENTE|DESTINAT|SERVICIO|AZIMUT|DIST_KM|ORIGEN_DAT,12,0,2,5,1,2,2
Vinculos_Servicios_Direccionados.shp,BASE_RICARDO\10_VUR10_SERVICIOS_SOCIALES\Vinculos_Servicios_Direccionados.shp,20,LineString,OFERENTE|MPIO_OFER|DESTINAT|MPIO_DEST|SERVICIO|SENTIDO|X_ORIG|Y_ORIG|X_DEST|Y_DEST|AZIMUT|DIST_KM|ORIGEN_DAT|razon,12,8,0,3,1,0,0
Vinculos_Servicios_Sociales_Corredor.shp,BASE_RICARDO\10_VUR10_SERVICIOS_SOCIALES\Vinculos_Servicios_Sociales_Corredor.shp,18,LineString,mpio_orig|nom_orig|mpio_dest|nom_dest|servicio|razon,10,6,0,2,0,2,0
AreasInfluencia_Educacion_Voronoi.shp,BASE_RICARDO\10_VUR10_SERVICIOS_SOCIALES\AREAS_INFLUENCIA\AreasInfluencia_Educacion_Voronoi.shp,6,Polygon,SERVICIO|METODO|CENTRO|MUNICIPIO|TOTAL_ESTB|AREA_HA|FUENTE,6,1,1,1,1,1,1
AreasInfluencia_Salud_Buffers.shp,BASE_RICARDO\10_VUR10_SERVICIOS_SOCIALES\AREAS_INFLUENCIA\AreasInfluencia_Salud_Buffers.shp,6,Polygon,SERVICIO|METODO|CENTRO|MUNICIPIO|NIVEL|RADIO_KM|AREA_HA,6,1,1,1,1,1,1
AreasInfluencia_Salud_Voronoi.shp,BASE_RICARDO\10_VUR10_SERVICIOS_SOCIALES\AREAS_INFLUENCIA\AreasInfluencia_Salud_Voronoi.shp,6,MultiPolygon,SERVICIO|METODO|CENTRO|MUNICIPIO|NIVEL|AREA_HA,6,1,1,1,1,1,1
Centros_Prestadores_Salud.shp,BASE_RICARDO\10_VUR10_SERVICIOS_SOCIALES\AREAS_INFLUENCIA\Centros_Prestadores_Salud.shp,6,Point,MUNICIPIO|CENTRO|PRESTADOR|NIVEL|ese|naju_nombr,6,1,1,1,1,1,1
Educacion_Superior_OSM_Corredor.shp,BASE_RICARDO\10_VUR10_SERVICIOS_SOCIALES\EDUCACION\Educacion_Superior_OSM_Corredor.shp,22,Point,OSM_ID|NOMBRE|AMENITY|OPERATOR|ISCED|FUENTE|ANIO|COD_DANE|MUNICIPIO,22,17,4,0,0,1,0
Sedes_Educativas_SISE_Corredor.shp,BASE_RICARDO\10_VUR10_SERVICIOS_SOCIALES\EDUCACION\Sedes_Educativas_SISE_Corredor.shp,270,Point,NOMBRE_SED|NOMBRE_IE|COD_SEDE|COD_IE|MUNICIPIO|COD_DANE|NIVELES|SECTOR|ZONA|DIRECCION|MATRICULA|FUENTE|PRECISION|ANIO|TIPO_EST,270,143,51,14,13,28,21
SENA_Centros_Corredor.shp,BASE_RICARDO\10_VUR10_SERVICIOS_SOCIALES\EDUCACION\SENA_Centros_Corredor.shp,1,Point,NOMBRE|COD_CENTRO|REGIONAL|DEPTO|MUNIC_SENA|FUENTE|ANIO|COD_DANE|MUNICIPIO,1,1,0,0,0,0,0
SENA_Centros_Nacional.shp,BASE_RICARDO\10_VUR10_SERVICIOS_SOCIALES\EDUCACION\SENA_Centros_Nacional.shp,118,Point,NOMBRE|COD_CENTRO|REGIONAL|DEPTO|MUNIC_SENA|FUENTE|ANIO,1,1,0,0,0,0,0
Bancos_Nacional.shp,BASE_RICARDO\10_VUR10_SERVICIOS_SOCIALES\NACIONAL_BANCOS\Bancos_Nacional.shp,4816,Point,osm_id|osm_type|amenity|name|operator|brand|addr_city|addr_full|lat|lon,66,42,10,2,1,6,5
Equipamientos_Nacional.shp,BASE_RICARDO\10_VUR10_SERVICIOS_SOCIALES\NACIONAL_EQUIPAMIENTOS\Equipamientos_Nacional.shp,4017,Point,nombre|tipo|fuente|oficial,37,19,4,3,3,5,3
Equipamientos_Nacional_OSM_NOOFICIAL.shp,BASE_RICARDO\10_VUR10_SERVICIOS_SOCIALES\NACIONAL_EQUIPAMIENTOS\Equipamientos_Nacional_OSM_NOOFICIAL.shp,3582,Point,osm_id|osm_type|amenity|name|addr|fuente,30,17,3,2,2,4,2
Equipamientos_Nacional_SUIT_Alcaldias_Gobernaciones.shp,BASE_RICARDO\10_VUR10_SERVICIOS_SOCIALES\NACIONAL_EQUIPAMIENTOS\Equipamientos_Nacional_SUIT_Alcaldias_Gobernaciones.shp,435,Point,cod_sigep|nombre|tipo|depto|municipio|fuente,7,2,1,1,1,1,1
Otros_Servicios_OSM_Corredor.shp,BASE_RICARDO\10_VUR10_SERVICIOS_SOCIALES\OTROS_SERVICIOS\Otros_Servicios_OSM_Corredor.shp,103,Point,OSM_ID|NOMBRE|TIPO|OPERADOR|FUENTE|ANIO|COD_DANE|MUNICIPIO,103,61,13,5,3,11,10
Health_Facilities_ES.shp,BASE_RICARDO\99_EXTRAS_VIAL_EQUIPAMIENTOS\equipamientos\salud_reps_hdx\extracted\Health_Facilities_ES.shp,19300,Point,OBJECTID|CodigoHabi|Naturaleza|Nombre|Direccion|NombrePres|TipoZona|Barrio|Telefono|NOM_DPTO|NOM_MPIO|GlobalID|Prioridad|x|y|codigohab_|codigoha_1|codigo_c12|codigo_c10|nombre_1|nombre_dat|ese|nivel|naju_nombr,157,119,10,10,1,5,12
corredor_municipios.shp,BASE_RICARDO\99_EXTRAS_VIAL_EQUIPAMIENTOS\vial\corredor_municipios.shp,6,Polygon,dpto_ccdgo|mpio_ccdgo|mpio_cdpmp|dpto_cnmbr|mpio_cnmbr|mpio_crslc|mpio_tipo|mpio_narea|mpio_nano|shape_Leng|shape_Area,6,1,1,1,1,1,1
Limite_Via_corredor.shp,BASE_RICARDO\99_EXTRAS_VIAL_EQUIPAMIENTOS\vial\Limite_Via_corredor.shp,2,LineString,TIPO_LIMIT|PROYECTO|SYMBOL|FECHA|RULEID|PK_CUE|GLOBALID|SHAPE_Leng,0,0,0,0,0,0,0
Peajes_Corredor.shp,BASE_RICARDO\99_EXTRAS_VIAL_EQUIPAMIENTOS\vial\Peajes_Corredor.shp,5,Point,objectid|codigo_via|pr|distanciap|nombre|administra|territoria|latsig|longsig|cat_1|cat_4|cat_5|cat_6|cat_7|link_foto|sector|cat_2|cat_3|ruleid|a_cargo_de|sentido|ubicacion|telefono_p|telefono_g|eje_adicio,1,0,0,0,0,0,1
Pontones_Corredor.shp,BASE_RICARDO\99_EXTRAS_VIAL_EQUIPAMIENTOS\vial\Pontones_Corredor.shp,40,LineString,objectid|gav|id_event_p|pr_ini_o|pr_ini|dist_ini|pr_fin_o|pr_fin|dist_fin|carretera|cod_via|tra_normal|tran_res|estr_ale|vig_los|barandas|es_cr_in|obs|ruta_id|concat|rid|from_ref_m|to_ref_met|from_ref_l|to_ref_loc,28,19,9,0,0,0,0
PosteReferencia_Corredor.shp,BASE_RICARDO\99_EXTRAS_VIAL_EQUIPAMIENTOS\vial\PosteReferencia_Corredor.shp,230,Point,objectid|cod_seg_pr|cod_via|cod_pr|distancia|lado|material|fecha_inst|leyen_fron|estado|observacio|lat|lon|alt|key|fuente|fecha_fuen|fecha_act,230,46,69,37,38,23,17
Puentes_Corredor.shp,BASE_RICARDO\99_EXTRAS_VIAL_EQUIPAMIENTOS\vial\Puentes_Corredor.shp,80,Point,objectid|id_evento|nombre|vias|carretera|pr_o|pr|dist|admini|luces|luz_min|luz_max|l_total|tablero|and_izq|and_der|s_transv|s_longit|material|construc|reconstr|fecha_insp|ruta_id|concat|routeid,80,11,21,22,8,16,2
RedVial_Corredor.shp,BASE_RICARDO\99_EXTRAS_VIAL_EQUIPAMIENTOS\vial\RedVial_Corredor.shp,4,MultiLineString,objectid|key|cod_tramo|codigo_via|pr_inicial|dist_ini|pr_finl|dist_fin|territoria|tramo|sector|administra|amv|superficie|calzada|ruta|fuente|fecha_fuen|fecha_actu|concesion|observacio|estado|observac_1|reversion|pr_ini_con,4,1,1,0,2,0,0
TPD_Estaciones_Corredor.shp,BASE_RICARDO\99_EXTRAS_VIAL_EQUIPAMIENTOS\vial\TPD_Estaciones_Corredor.shp,29,LineString,objectid_1|objectid_2|objectid|codigo_via|estacion|territ|sector|km|pr_ini|dist_ini|pr_fin|dist_fin|shape_leng|st_length_|conteo|au_p|bu_p|ca_p|tcam|c3|c4|c5|c6|c7,9,2,3,2,1,0,1
Via_corredor.shp,BASE_RICARDO\99_EXTRAS_VIAL_EQUIPAMIENTOS\vial\Via_corredor.shp,1340,LineString,TIPO_VIA|ESTADO_SUP|NUMERO_CAR|ACCESIBILI|NOMBRE_GEO|PROYECTO|SYMBOL|FECHA|RULEID|PK_CUE|GLOBALID|EJE_VIAL|SHAPE_Leng,1340,492,231,186,89,230,112
RiesgoIncendios_CondicionesNormales.shp,BASE_RICARDO\CANDIDATAS_A_MAESTRO\03_VUR3_AMENAZAS_NATURALES\RiesgoIncendios_CondicionesNormales.shp,20168,Polygon,CLASIFICAC|Shape_Leng|Shape_Area,232,79,57,24,12,35,25
RiesgoIncendios_CondicionesNormales.shp,BASE_RICARDO\CANDIDATAS_A_MAESTRO\03_VUR3_AMENAZAS_NATURALES\IGAC_FenomenosAmenazantesHidrometeorologicos\RiesgoIncendios_CondicionesNormales.shp,20168,Polygon,CLASIFICAC|Shape_Leng|Shape_Area,232,79,57,24,12,35,25
04_IDER_ZonaAfectadaRiesgo_SGC.shp,BASE_RICARDO\CANDIDATAS_A_MAESTRO\03_VUR3_AMENAZAS_NATURALES\WEB_AVENIDAS_TORRENCIALES\04_IDER_ZonaAfectadaRiesgo_SGC\04_IDER_ZonaAfectadaRiesgo_SGC.shp,0,,FID|fid_1|Name|descriptio|timestamp|begin_|end_|altitudeMo|tessellate|extrude|visibility|drawOrder|icon|snippet|Shape__Are|Shape__Len,0,0,0,0,0,0,0
04_IDER_ZonaAfectadaRiesgo_SGC_corredor11.shp,BASE_RICARDO\CANDIDATAS_A_MAESTRO\03_VUR3_AMENAZAS_NATURALES\WEB_AVENIDAS_TORRENCIALES\04_IDER_ZonaAfectadaRiesgo_SGC\04_IDER_ZonaAfectadaRiesgo_SGC_corredor11.shp,0,,FID|fid_1|Name|descriptio|timestamp|begin_|end_|altitudeMo|tessellate|extrude|visibility|drawOrder|icon|snippet|Shape__Are|Shape__Len|dpto_ccdgo|mpio_ccdgo|mpio_cdpmp|dpto_cnmbr|mpio_cnmbr|mpio_crslc|mpio_tipo|mpio_narea|mpio_nano,0,0,0,0,0,0,0
05_IDER_GestionRiesgo_Multiamenaza.shp,BASE_RICARDO\CANDIDATAS_A_MAESTRO\03_VUR3_AMENAZAS_NATURALES\WEB_AVENIDAS_TORRENCIALES\05_IDER_GestionRiesgo_Multiamenaza\05_IDER_GestionRiesgo_Multiamenaza.shp,0,,FID|MPIO_CCDGO|MPIO_CNMBR|DPTO_CNMBR|Shape_Leng|Shape_Area|Departamen|Municipio|VALFIS|PAESismo|PAESismoR|PAEInundac|PAEInund_1|PAEHuracan|PAEHurac_1|PAETsunami|PAETsuna_1|PAEMultiam|PAEMulti_1|RF|F|RI|Shape__Are|Shape__Len,0,0,0,0,0,0,0
05_IDER_GestionRiesgo_Multiamenaza_corredor11.shp,BASE_RICARDO\CANDIDATAS_A_MAESTRO\03_VUR3_AMENAZAS_NATURALES\WEB_AVENIDAS_TORRENCIALES\05_IDER_GestionRiesgo_Multiamenaza\05_IDER_GestionRiesgo_Multiamenaza_corredor11.shp,0,,FID|MPIO_CCDGO|MPIO_CNMBR|DPTO_CNMBR|Shape_Leng|Shape_Area|Departamen|Municipio|VALFIS|PAESismo|PAESismoR|PAEInundac|PAEInund_1|PAEHuracan|PAEHurac_1|PAETsunami|PAETsuna_1|PAEMultiam|PAEMulti_1|RF|F|RI|Shape__Are|Shape__Len|dpto_ccdgo,0,0,0,0,0,0,0
IPM_Mpios.shp,BASE_RICARDO\CANDIDATAS_A_MAESTRO\10_VUR10_SERVICIOS_SOCIALES\IPM_Mpios.shp,1122,Polygon,DPTO_CCDGO|MPIO_CNMBR|MPIO_NAREA|MPIO_CCNCT|DPTO_CNMBR|IPM,6,1,1,1,1,1,1
Construccion_P.shp,BASE_RICARDO\CANDIDATAS_A_MAESTRO\10_VUR10_SERVICIOS_SOCIALES\INFCOL_IGAC100K_Construccion_P\Construccion_P.shp,461166,Point,NOMBRE_GEO|CODIGO_USO|PROYECTO|SYMBOL|FECHA|RULEID|PK_CUE|GLOBALID,3250,1139,716,322,314,557,202
Sedes_Educativas_SISE_Corredor.shp,BASE_RICARDO\CANDIDATAS_A_MAESTRO\10_VUR10_SERVICIOS_SOCIALES\WEB_EDUCACION\01_DANE_SISE\Sedes_Educativas_SISE_Corredor.shp,270,Point,NOMBRE_SED|NOMBRE_IE|COD_SEDE|COD_IE|MUNICIPIO|COD_DANE|NIVELES|SECTOR|ZONA|DIRECCION|MATRICULA|FUENTE|PRECISION|ANIO|TIPO_EST,270,143,51,14,13,28,21
Sedes_Educativas_SISE_Corredor_4686.shp,BASE_RICARDO\CANDIDATAS_A_MAESTRO\10_VUR10_SERVICIOS_SOCIALES\WEB_EDUCACION\01_DANE_SISE\Sedes_Educativas_SISE_Corredor_4686.shp,270,Point,NOMBRE_SED|NOMBRE_IE|COD_SEDE|COD_IE|MUNICIPIO|COD_DANE|NIVELES|SECTOR|ZONA|DIRECCION|MATRICULA|FUENTE|PRECISION|ANIO|TIPO_EST,270,143,51,14,13,28,21
Educacion_OSM_Corredor.shp,BASE_RICARDO\CANDIDATAS_A_MAESTRO\10_VUR10_SERVICIOS_SOCIALES\WEB_EDUCACION\03_OSM_OVERPASS\Educacion_OSM_Corredor.shp,279,Point,OSM_ID|NOMBRE|AMENITY|OPERATOR|ISCED|FUENTE|ANIO|COD_DANE|MUNICIPIO,279,153,53,15,8,23,27
Educacion_OSM_Corredor_4686.shp,BASE_RICARDO\CANDIDATAS_A_MAESTRO\10_VUR10_SERVICIOS_SOCIALES\WEB_EDUCACION\03_OSM_OVERPASS\Educacion_OSM_Corredor_4686.shp,279,Point,OSM_ID|NOMBRE|AMENITY|OPERATOR|ISCED|FUENTE|ANIO|COD_DANE|MUNICIPIO,279,153,53,15,8,23,27
Educacion_Superior_OSM_Corredor.shp,BASE_RICARDO\CANDIDATAS_A_MAESTRO\10_VUR10_SERVICIOS_SOCIALES\WEB_EDUCACION\04_EDUCACION_SUPERIOR_SENA_SNIES\Educacion_Superior_OSM_Corredor.shp,22,Point,OSM_ID|NOMBRE|AMENITY|OPERATOR|ISCED|FUENTE|ANIO|COD_DANE|MUNICIPIO,22,17,4,0,0,1,0
SENA_Centros_Corredor.shp,BASE_RICARDO\CANDIDATAS_A_MAESTRO\10_VUR10_SERVICIOS_SOCIALES\WEB_EDUCACION\04_EDUCACION_SUPERIOR_SENA_SNIES\SENA_Centros_Corredor.shp,1,Point,NOMBRE|COD_CENTRO|REGIONAL|DEPTO|MUNIC_SENA|FUENTE|ANIO|COD_DANE|MUNICIPIO,1,1,0,0,0,0,0
SENA_Centros_Nacional.shp,BASE_RICARDO\CANDIDATAS_A_MAESTRO\10_VUR10_SERVICIOS_SOCIALES\WEB_EDUCACION\04_EDUCACION_SUPERIOR_SENA_SNIES\SENA_Centros_Nacional.shp,118,Point,NOMBRE|COD_CENTRO|REGIONAL|DEPTO|MUNIC_SENA|FUENTE|ANIO,1,1,0,0,0,0,0
Otros_Servicios_OSM_Corredor.shp,BASE_RICARDO\CANDIDATAS_A_MAESTRO\10_VUR10_SERVICIOS_SOCIALES\WEB_OTROS_SERVICIOS\Otros_Servicios_OSM_Corredor.shp,103,Point,OSM_ID|NOMBRE|TIPO|OPERADOR|FUENTE|ANIO|COD_DANE|MUNICIPIO,103,61,13,5,3,11,10
Otros_Servicios_OSM_Corredor_4686.shp,BASE_RICARDO\CANDIDATAS_A_MAESTRO\10_VUR10_SERVICIOS_SOCIALES\WEB_OTROS_SERVICIOS\Otros_Servicios_OSM_Corredor_4686.shp,103,Point,OSM_ID|NOMBRE|TIPO|OPERADOR|FUENTE|ANIO|COD_DANE|MUNICIPIO,103,61,13,5,3,11,10
Hipsometricas_Col_1000m.shp,BASE_RICARDO\CANDIDATAS_A_MAESTRO\99_OTROS_UTIL\Base_Fisico\Hipsometricas_Col_1000m.shp,995,Polygon,Rango,0,0,0,0,0,0,0
Red_Vial_INVIAS.shp,BASE_RICARDO\CANDIDATAS_A_MAESTRO\99_OTROS_UTIL\Base_Politico\Red_Vial_INVIAS.shp,625,MultiLineString,objectid|key|cod_tramo|codigo_via|pr_inicial|dist_ini|pr_finl|dist_fin|territoria|tramo|sector|administra|amv|superficie|calzada|ruta|fuente|fecha_fuen|fecha_actu|concesion|observacio|estado|observac_1|reversion|pr_ini_con,4,1,1,0,2,0,0
departamento_dfiscal.shp,BASE_RICARDO\CANDIDATAS_A_MAESTRO\99_OTROS_UTIL\Tem_Administrativo\departamento_dfiscal.shp,33,Polygon,OBJECTID|DeCodigo|DeNombre|DeArea|SHAPE_Leng|SHAPE_Area|IDF,0,0,0,0,0,0,0
municipioserviciosV.shp,BASE_RICARDO\CANDIDATAS_A_MAESTRO\99_OTROS_UTIL\Tem_Administrativo\municipioserviciosV.shp,1122,Polygon,mpcodigo|mpnombre|mparea|mpnorma|mpcategor|shape_leng|mpaltitud|restriccio|depto|ley617|objectid|divipola|departamen|municipio|id_gc|gestor_con|gestor_cat|estado_act|acto_admin|inicio|fecha_cont|url_habili|url_servic|responsabl|contacto,6,1,1,1,1,1,1
Sedes_Educativas_Corredor.shp,BASE_RICARDO\CANDIDATAS_A_MAESTRO\BARRIDO_FINAL\VUR10_SERVICIOS_SOCIALES\Sedes_Educativas_Corredor.shp,270,Point,NOMBRE_SED|NOMBRE_IE|COD_SEDE|COD_IE|MUNICIPIO|COD_DANE|NIVELES|SECTOR|ZONA|DIRECCION|MATRICULA|FUENTE|PRECISION|ANIO|TIPO_EST,270,143,51,14,13,28,21
Vinculos_Flechas.shp,BASE_RICARDO\CANDIDATAS_A_MAESTRO\BARRIDO_FINAL\VUR10_SERVICIOS_SOCIALES\Vinculos_Flechas.shp,12,Polygon,OFERENTE|DESTINAT|SERVICIO|AZIMUT|DIST_KM|ORIGEN_DAT,12,0,2,5,1,2,2
Vinculos_Servicios_Direccionados.shp,BASE_RICARDO\CANDIDATAS_A_MAESTRO\BARRIDO_FINAL\VUR10_SERVICIOS_SOCIALES\Vinculos_Servicios_Direccionados.shp,20,LineString,OFERENTE|MPIO_OFER|DESTINAT|MPIO_DEST|SERVICIO|SENTIDO|X_ORIG|Y_ORIG|X_DEST|Y_DEST|AZIMUT|DIST_KM|ORIGEN_DAT|razon,12,8,0,3,1,0,0
AreasInfluencia_Educacion_Voronoi.shp,BASE_RICARDO\CANDIDATAS_A_MAESTRO\BARRIDO_FINAL\VUR10_SERVICIOS_SOCIALES\AREAS_INFLUENCIA\AreasInfluencia_Educacion_Voronoi.shp,6,Polygon,SERVICIO|METODO|CENTRO|MUNICIPIO|TOTAL_ESTB|AREA_HA|FUENTE,6,1,1,1,1,1,1
AreasInfluencia_Salud_Buffers.shp,BASE_RICARDO\CANDIDATAS_A_MAESTRO\BARRIDO_FINAL\VUR10_SERVICIOS_SOCIALES\AREAS_INFLUENCIA\AreasInfluencia_Salud_Buffers.shp,6,Polygon,SERVICIO|METODO|CENTRO|MUNICIPIO|NIVEL|RADIO_KM|AREA_HA,6,1,1,1,1,1,1
AreasInfluencia_Salud_Voronoi.shp,BASE_RICARDO\CANDIDATAS_A_MAESTRO\BARRIDO_FINAL\VUR10_SERVICIOS_SOCIALES\AREAS_INFLUENCIA\AreasInfluencia_Salud_Voronoi.shp,6,MultiPolygon,SERVICIO|METODO|CENTRO|MUNICIPIO|NIVEL|AREA_HA,6,1,1,1,1,1,1
Centros_Prestadores_Salud.shp,BASE_RICARDO\CANDIDATAS_A_MAESTRO\BARRIDO_FINAL\VUR10_SERVICIOS_SOCIALES\AREAS_INFLUENCIA\Centros_Prestadores_Salud.shp,6,Point,MUNICIPIO|CENTRO|PRESTADOR|NIVEL|ese|naju_nombr,6,1,1,1,1,1,1
Sedes_Educativas_SISE_Corredor.shp,BASE_RICARDO\CANDIDATAS_A_MAESTRO\BARRIDO_FINAL\VUR10_SERVICIOS_SOCIALES\WEB_EDUCACION\01_DANE_SISE\Sedes_Educativas_SISE_Corredor.shp,270,Point,NOMBRE_SED|NOMBRE_IE|COD_SEDE|COD_IE|MUNICIPIO|COD_DANE|NIVELES|SECTOR|ZONA|DIRECCION|MATRICULA|FUENTE|PRECISION|ANIO|TIPO_EST,270,143,51,14,13,28,21
Sedes_Educativas_SISE_Corredor_4686.shp,BASE_RICARDO\CANDIDATAS_A_MAESTRO\BARRIDO_FINAL\VUR10_SERVICIOS_SOCIALES\WEB_EDUCACION\01_DANE_SISE\Sedes_Educativas_SISE_Corredor_4686.shp,270,Point,NOMBRE_SED|NOMBRE_IE|COD_SEDE|COD_IE|MUNICIPIO|COD_DANE|NIVELES|SECTOR|ZONA|DIRECCION|MATRICULA|FUENTE|PRECISION|ANIO|TIPO_EST,270,143,51,14,13,28,21
Educacion_OSM_Corredor.shp,BASE_RICARDO\CANDIDATAS_A_MAESTRO\BARRIDO_FINAL\VUR10_SERVICIOS_SOCIALES\WEB_EDUCACION\03_OSM_OVERPASS\Educacion_OSM_Corredor.shp,279,Point,OSM_ID|NOMBRE|AMENITY|OPERATOR|ISCED|FUENTE|ANIO|COD_DANE|MUNICIPIO,279,153,53,15,8,23,27
Educacion_OSM_Corredor_4686.shp,BASE_RICARDO\CANDIDATAS_A_MAESTRO\BARRIDO_FINAL\VUR10_SERVICIOS_SOCIALES\WEB_EDUCACION\03_OSM_OVERPASS\Educacion_OSM_Corredor_4686.shp,279,Point,OSM_ID|NOMBRE|AMENITY|OPERATOR|ISCED|FUENTE|ANIO|COD_DANE|MUNICIPIO,279,153,53,15,8,23,27
Educacion_Superior_OSM_Corredor.shp,BASE_RICARDO\CANDIDATAS_A_MAESTRO\BARRIDO_FINAL\VUR10_SERVICIOS_SOCIALES\WEB_EDUCACION\04_EDUCACION_SUPERIOR_SENA_SNIES\Educacion_Superior_OSM_Corredor.shp,22,Point,OSM_ID|NOMBRE|AMENITY|OPERATOR|ISCED|FUENTE|ANIO|COD_DANE|MUNICIPIO,22,17,4,0,0,1,0
SENA_Centros_Corredor.shp,BASE_RICARDO\CANDIDATAS_A_MAESTRO\BARRIDO_FINAL\VUR10_SERVICIOS_SOCIALES\WEB_EDUCACION\04_EDUCACION_SUPERIOR_SENA_SNIES\SENA_Centros_Corredor.shp,1,Point,NOMBRE|COD_CENTRO|REGIONAL|DEPTO|MUNIC_SENA|FUENTE|ANIO|COD_DANE|MUNICIPIO,1,1,0,0,0,0,0
SENA_Centros_Nacional.shp,BASE_RICARDO\CANDIDATAS_A_MAESTRO\BARRIDO_FINAL\VUR10_SERVICIOS_SOCIALES\WEB_EDUCACION\04_EDUCACION_SUPERIOR_SENA_SNIES\SENA_Centros_Nacional.shp,118,Point,NOMBRE|COD_CENTRO|REGIONAL|DEPTO|MUNIC_SENA|FUENTE|ANIO,1,1,0,0,0,0,0
Otros_Servicios_OSM_Corredor.shp,BASE_RICARDO\CANDIDATAS_A_MAESTRO\BARRIDO_FINAL\VUR10_SERVICIOS_SOCIALES\WEB_OTROS_SERVICIOS\Otros_Servicios_OSM_Corredor.shp,103,Point,OSM_ID|NOMBRE|TIPO|OPERADOR|FUENTE|ANIO|COD_DANE|MUNICIPIO,103,61,13,5,3,11,10
Otros_Servicios_OSM_Corredor_4686.shp,BASE_RICARDO\CANDIDATAS_A_MAESTRO\BARRIDO_FINAL\VUR10_SERVICIOS_SOCIALES\WEB_OTROS_SERVICIOS\Otros_Servicios_OSM_Corredor_4686.shp,103,Point,OSM_ID|NOMBRE|TIPO|OPERADOR|FUENTE|ANIO|COD_DANE|MUNICIPIO,103,61,13,5,3,11,10
RiesgoIncendios_CondicionesNormales_Corredor.shp,BASE_RICARDO\CANDIDATAS_A_MAESTRO\BARRIDO_FINAL\VUR3_AMENAZAS\RECORTADAS_CORREDOR\RiesgoIncendios_CondicionesNormales_Corredor.shp,249,Polygon,CLASIFICAC|Shape_Leng|Shape_Area,249,85,61,23,12,43,25
04_IDER_ZonaAfectadaRiesgo_SGC.shp,BASE_RICARDO\CANDIDATAS_A_MAESTRO\BARRIDO_FINAL\VUR3_AMENAZAS\WEB_AVENIDAS_TORRENCIALES\04_IDER_ZonaAfectadaRiesgo_SGC\04_IDER_ZonaAfectadaRiesgo_SGC.shp,855,Polygon,FID|fid_1|Name|descriptio|timestamp|begin_|end_|altitudeMo|tessellate|extrude|visibility|drawOrder|icon|snippet|Shape__Are|Shape__Len,0,0,0,0,0,0,0
04_IDER_ZonaAfectadaRiesgo_SGC_corredor11.shp,BASE_RICARDO\CANDIDATAS_A_MAESTRO\BARRIDO_FINAL\VUR3_AMENAZAS\WEB_AVENIDAS_TORRENCIALES\04_IDER_ZonaAfectadaRiesgo_SGC\04_IDER_ZonaAfectadaRiesgo_SGC_corredor11.shp,0,,FID|fid_1|Name|descriptio|timestamp|begin_|end_|altitudeMo|tessellate|extrude|visibility|drawOrder|icon|snippet|Shape__Are|Shape__Len|dpto_ccdgo|mpio_ccdgo|mpio_cdpmp|dpto_cnmbr|mpio_cnmbr|mpio_crslc|mpio_tipo|mpio_narea|mpio_nano,0,0,0,0,0,0,0
05_IDER_GestionRiesgo_Multiamenaza.shp,BASE_RICARDO\CANDIDATAS_A_MAESTRO\BARRIDO_FINAL\VUR3_AMENAZAS\WEB_AVENIDAS_TORRENCIALES\05_IDER_GestionRiesgo_Multiamenaza\05_IDER_GestionRiesgo_Multiamenaza.shp,116,Polygon,FID|MPIO_CCDGO|MPIO_CNMBR|DPTO_CNMBR|Shape_Leng|Shape_Area|Departamen|Municipio|VALFIS|PAESismo|PAESismoR|PAEInundac|PAEInund_1|PAEHuracan|PAEHurac_1|PAETsunami|PAETsuna_1|PAEMultiam|PAEMulti_1|RF|F|RI|Shape__Are|Shape__Len,0,0,0,0,0,0,0
05_IDER_GestionRiesgo_Multiamenaza_corredor11.shp,BASE_RICARDO\CANDIDATAS_A_MAESTRO\BARRIDO_FINAL\VUR3_AMENAZAS\WEB_AVENIDAS_TORRENCIALES\05_IDER_GestionRiesgo_Multiamenaza\05_IDER_GestionRiesgo_Multiamenaza_corredor11.shp,5,MultiPolygon,FID|MPIO_CCDGO|MPIO_CNMBR|DPTO_CNMBR|Shape_Leng|Shape_Area|Departamen|Municipio|VALFIS|PAESismo|PAESismoR|PAEInundac|PAEInund_1|PAEHuracan|PAEHurac_1|PAETsunami|PAETsuna_1|PAEMultiam|PAEMulti_1|RF|F|RI|Shape__Are|Shape__Len|dpto_ccdgo,0,0,0,0,0,0,0
CentralEnergia_6Mun.shp,BASE_RICARDO\ENTREGA_18_SEP_2026\02_SERVICIOS_PUBLICOS\04_ENERGIA_ELECTRICA\mapas\CentralEnergia_6Mun.shp,3,Point,OBJECTID|cod_dpto|departamen|cod_mpio|municipio|id_organiz|nombre_org|nombre_eje|nombre_pro|vigencia|fecha_oper|convenio_u|nombre_con|sistema|nombre_sub|tipo_subes|tension|nivel_tens|configurac|instrument|tipo_instr|este|norte|observacio|fecha_rece,3,1,1,0,1,0,0
RedAltaTension_6Mun.shp,BASE_RICARDO\ENTREGA_18_SEP_2026\02_SERVICIOS_PUBLICOS\04_ENERGIA_ELECTRICA\mapas\RedAltaTension_6Mun.shp,6,MultiLineString,OBJECTID|fecha_repo|id_organiz|nombre_org|vigencia|fecha_oper|convenio_u|nombre_con|nombre_sub|nombre_s1|id_circuit|nombre_cir|nombre_tra|sistema|id_tramo|tension|nivel_tens|tipo_circu|cod_uc|circuito_v|longitud_t|tipo_condu|cable_guar|num_conduc|capacidad,6,4,0,0,1,1,0
Subestaciones_6Mun.shp,BASE_RICARDO\ENTREGA_18_SEP_2026\02_SERVICIOS_PUBLICOS\04_ENERGIA_ELECTRICA\mapas\Subestaciones_6Mun.shp,38,Point,LATITUD|LONGITUD|ALTITUD|PORCENTAJE|CAPACIDAD_|OBJECTID|ID_SUBESTA|COD_SUB_UP|ID_CONTACT|ID_ORGANIZ|NOM_SUBEST|ID_NIVEL_T|ID_TENSION|AMPLIACION|ID_ESTADO_|FECHA_OPER|FECHA_CORT|OBSERVACIO|COD_DPTO|COD_MPIO|ACTIVO|FECHA_OFIC|ID_USUARIO,38,19,11,2,2,2,2
Torres_6Mun.shp,BASE_RICARDO\ENTREGA_18_SEP_2026\02_SERVICIOS_PUBLICOS\04_ENERGIA_ELECTRICA\mapas\Torres_6Mun.shp,0,,OBJECTID|cod_dpto|departamen|cod_mpio|municipio|fecha_repo|id_organiz|nombre_org|vigencia|fecha_oper|convenio_u|nombre_con|id_circuit|sistema|id_apoyo|numero_apo|cod_uc|clase_apoy|tipo_apoyo|estructura|altura_apo|cuerpos|resistenci|disp_nuevo|nombre_eje,0,0,0,0,0,0,0
Antenas_Telecomunicaciones_Corredor.shp,BASE_RICARDO\ENTREGA_18_SEP_2026\02_SERVICIOS_PUBLICOS\05_TELECOMUNICACIONES\mapas\Antenas_Telecomunicaciones_Corredor.shp,59,Point,OSM_TYPE|OSM_ID|MAN_MADE|TOWERTYPE|TELECOM|OPERADOR|NOMBRE|ALTURA|MOVIL|DEPTO|MUNICIPIO|COD_DANE,59,34,12,9,4,0,0
MGN_ANM_MPIOCL_Casanare6mpios.shp,BASE_RICARDO\ENTREGA_18_SEP_2026\02_SERVICIOS_PUBLICOS\_DANE_capas_descargadas\MGN_ANM_MPIOCL_Casanare6mpios.shp,18,Polygon,DPTO_CCDGO|MPIO_CCDGO|MPIO_CDPMP|CLAS_CCDGO|MPIO_CLASE|VERSION|AREA|LATITUD|LONGITUD|STCTNENCUE|STP3_1_SI|STP3_2_NO|STP3A_RI|STP3B_TCN|STP4_1_SI|STP4_2_NO|STP9_1_USO|STP9_2_USO|STP9_3_USO|STP9_4_USO|STP9_2_1_M|STP9_2_2_M|STP9_2_3_M|STP9_2_4_M|STP9_2_9_M,18,3,3,3,3,3,3
DEF_MZ_Casanare6.shp,BASE_RICARDO\ENTREGA_18_SEP_2026\02_SERVICIOS_PUBLICOS\_DANE_capas_descargadas\DEFICIT_HABITACIONAL_MANZANA_CASANARE6\DEF_MZ_Casanare6.shp,4286,Polygon,COD_DPTO|COD_MPIO|COD_CLASE|COD_CPOB|COD_SECC|COD_DANE|COD_AG|ID_INTEGR_|TIPO_CATAS|COD_CATAST|ESTR_SOCIO|ANO|CFE|RELAC_CARD|CASO|ENTIDAD|ID_CAMPO|VIV_TOTAL|HOGARES|habitat|cuanti|cuali|dvhabitat|dvcuanti|dvcuali,4286,2202,684,332,85,417,566
SHP_MPIO_DEFVIV (Shapefile).shp,BASE_RICARDO\ENTREGA_18_SEP_2026\02_SERVICIOS_PUBLICOS\_DANE_capas_descargadas\DEFICIT_HABITACIONAL_MUNICIPIO\SHP_MPIO_DEFVIV (Shapefile).shp,1122,Polygon,OBJECTID|DPTO_CCDGO|MPIO_CCDGO|MPIO_CNMBR|MPIO_NANO|DPTO_CNMBR|TOTAL_HOGA|N_dvcuanti|N_dvcuali|N_dvhabita|PC_dvcuant|PC_dvcuali|PC_dvhabit|PC_DV_JFHB|PC_DV_JFMJ|N_tipo|N_pared|N_cohab|N_defhaci|N_defhacim|N_defhac_1|N_pisos|N_pisos_j|N_cocina|N_cocina_j,6,1,1,1,1,1,1
DeficitHabitacional_Municipio_6Mun.shp,BASE_RICARDO\ENTREGA_18_SEP_2026\02_SERVICIOS_PUBLICOS\_DANE_capas_descargadas\DEFICIT_HABITACIONAL_MUNICIPIO_6Mun_RECORTADO\DeficitHabitacional_Municipio_6Mun.shp,6,Polygon,OBJECTID|DPTO_CCDGO|MPIO_CCDGO|MPIO_CNMBR|MPIO_NANO|DPTO_CNMBR|TOTAL_HOGA|N_dvcuanti|N_dvcuali|N_dvhabita|PC_dvcuant|PC_dvcuali|PC_dvhabit|PC_DV_JFHB|PC_DV_JFMJ|N_tipo|N_pared|N_cohab|N_defhaci|N_defhacim|N_defhac_1|N_pisos|N_pisos_j|N_cocina|N_cocina_j,6,1,1,1,1,1,1
MGN2025_MPIO_Casanare6.shp,BASE_RICARDO\ENTREGA_18_SEP_2026\02_SERVICIOS_PUBLICOS\_DANE_capas_descargadas\MPIO_GRAFICO_MGN2025\MGN2025_MPIO_Casanare6.shp,6,Polygon,dpto_ccdgo|mpio_ccdgo|mpio_cdpmp|dpto_cnmbr|mpio_cnmbr|mpio_crslc|mpio_tipo|mpio_narea|mpio_nano|shape_Leng|shape_Area,6,1,1,1,1,1,1
MGN_ADM_MPIO_GRAFICO.shp,BASE_RICARDO\ENTREGA_18_SEP_2026\02_SERVICIOS_PUBLICOS\_DANE_capas_descargadas\MPIO_GRAFICO_MGN2025\MGN_ADM_MPIO_GRAFICO.shp,1122,Polygon,dpto_ccdgo|mpio_ccdgo|mpio_cdpmp|dpto_cnmbr|mpio_cnmbr|mpio_crslc|mpio_tipo|mpio_narea|mpio_nano|shape_Leng|shape_Area,6,1,1,1,1,1,1
AMENAZAS_INTEGRADAS_6_MUNICIPIOS.shp,BASE_RICARDO\ENTREGA_18_SEP_2026\03_VIVIENDA_Y_ENTORNO\08_Poblacion_Zonas_Riesgo\SHP\AMENAZAS_INTEGRADAS_6_MUNICIPIOS.shp,3645,Polygon,TIPO_AMENA|NIVEL|NIVEL_ORIG|AREA_HA|ANIO|FUENTE|MUNICIPIO|ORIGEN,3643,999,553,437,203,1067,384
Yopal_Puntos_Escenarios_Riesgo_UNGRD.shp,BASE_RICARDO\ENTREGA_18_SEP_2026\03_VIVIENDA_Y_ENTORNO\08_Poblacion_Zonas_Riesgo\SHP\Yopal_Puntos_Escenarios_Riesgo_UNGRD.shp,234,Point,direccion|riesgo|tipo_amena|vereda|zona|corregimie|a_o|amenaza|fecha_del_,233,233,0,0,0,0,0
Peajes_Corredor.shp,BASE_RICARDO\ENTREGA_1_TALLER_8\00_CAPAS_BASE\shp\Vial\Peajes_Corredor.shp,1,Point,objectid|codigo_via|pr|distanciap|nombre|administra|territoria|latsig|longsig|cat_1|cat_4|cat_5|cat_6|cat_7|link_foto|sector|cat_2|cat_3|ruleid|a_cargo_de|sentido|ubicacion|telefono_p|telefono_g|eje_adicio,1,0,0,0,0,0,1
Puentes_Corredor.shp,BASE_RICARDO\ENTREGA_1_TALLER_8\00_CAPAS_BASE\shp\Vial\Puentes_Corredor.shp,80,Point,objectid|id_evento|nombre|vias|carretera|pr_o|pr|dist|admini|luces|luz_min|luz_max|l_total|tablero|and_izq|and_der|s_transv|s_longit|material|construc|reconstr|fecha_insp|ruta_id|concat|routeid,80,11,21,22,8,16,2
RedVial_Corredor.shp,BASE_RICARDO\ENTREGA_1_TALLER_8\00_CAPAS_BASE\shp\Vial\RedVial_Corredor.shp,4,MultiLineString,objectid|key|cod_tramo|codigo_via|pr_inicial|dist_ini|pr_finl|dist_fin|territoria|tramo|sector|administra|amv|superficie|calzada|ruta|fuente|fecha_fuen|fecha_actu|concesion|observacio|estado|observac_1|reversion|pr_ini_con,4,1,1,0,2,0,0
Via_corredor.shp,BASE_RICARDO\ENTREGA_1_TALLER_8\00_CAPAS_BASE\shp\Vial\Via_corredor.shp,1340,LineString,TIPO_VIA|ESTADO_SUP|NUMERO_CAR|ACCESIBILI|NOMBRE_GEO|PROYECTO|SYMBOL|FECHA|RULEID|PK_CUE|GLOBALID|EJE_VIAL|SHAPE_Leng,1340,492,231,186,89,230,112
Instituciones_Educativas_Corredor.shp,BASE_RICARDO\ENTREGA_1_TALLER_8\VUR10_SERVICIOS_SOCIALES\shp\Instituciones_Educativas_Corredor.shp,11,Point,mpio_cdpmp|municipio|TOTAL_ESTB|ANIO_DATO|DETALLE_NV,6,1,1,1,1,1,1
IPM_Corredor.shp,BASE_RICARDO\ENTREGA_1_TALLER_8\VUR10_SERVICIOS_SOCIALES\shp\IPM_Corredor.shp,6,Polygon,DPTO_CCDGO|MPIO_CNMBR|MPIO_NAREA|MPIO_CCNCT|DPTO_CNMBR|IPM,6,1,1,1,1,1,1
IPS_Salud_Corredor.shp,BASE_RICARDO\ENTREGA_1_TALLER_8\VUR10_SERVICIOS_SOCIALES\shp\IPS_Salud_Corredor.shp,157,Point,OBJECTID|CodigoHabi|Naturaleza|Nombre|Direccion|NombrePres|TipoZona|Barrio|Telefono|NOM_DPTO|NOM_MPIO|GlobalID|Prioridad|x|y|codigohab_|codigoha_1|codigo_c12|codigo_c10|nombre_1|nombre_dat|ese|nivel|naju_nombr|mpio_cdpmp,157,119,10,10,1,5,12
Sedes_Educativas_Corredor.shp,BASE_RICARDO\ENTREGA_1_TALLER_8\VUR10_SERVICIOS_SOCIALES\shp\Sedes_Educativas_Corredor.shp,270,Point,NOMBRE_SED|NOMBRE_IE|COD_SEDE|COD_IE|MUNICIPIO|COD_DANE|NIVELES|SECTOR|ZONA|DIRECCION|MATRICULA|FUENTE|PRECISION|ANIO|TIPO_EST,270,143,51,14,13,28,21
Vinculos_Flechas.shp,BASE_RICARDO\ENTREGA_1_TALLER_8\VUR10_SERVICIOS_SOCIALES\shp\Vinculos_Flechas.shp,12,Polygon,OFERENTE|DESTINAT|SERVICIO|AZIMUT|DIST_KM|ORIGEN_DAT,12,0,2,5,1,2,2
Vinculos_Servicios_Direccionados.shp,BASE_RICARDO\ENTREGA_1_TALLER_8\VUR10_SERVICIOS_SOCIALES\shp\Vinculos_Servicios_Direccionados.shp,20,LineString,OFERENTE|MPIO_OFER|DESTINAT|MPIO_DEST|SERVICIO|SENTIDO|X_ORIG|Y_ORIG|X_DEST|Y_DEST|AZIMUT|DIST_KM|ORIGEN_DAT|razon,12,8,0,3,1,0,0
Vinculos_Servicios_Sociales_Corredor.shp,BASE_RICARDO\ENTREGA_1_TALLER_8\VUR10_SERVICIOS_SOCIALES\shp\Vinculos_Servicios_Sociales_Corredor.shp,18,LineString,mpio_orig|nom_orig|mpio_dest|nom_dest|servicio|razon,10,6,0,2,0,2,0
AreasInfluencia_Educacion_Voronoi.shp,BASE_RICARDO\ENTREGA_1_TALLER_8\VUR10_SERVICIOS_SOCIALES\shp\AREAS_INFLUENCIA\AreasInfluencia_Educacion_Voronoi.shp,6,Polygon,SERVICIO|METODO|CENTRO|MUNICIPIO|TOTAL_ESTB|AREA_HA|FUENTE,6,1,1,1,1,1,1
AreasInfluencia_Salud_Buffers.shp,BASE_RICARDO\ENTREGA_1_TALLER_8\VUR10_SERVICIOS_SOCIALES\shp\AREAS_INFLUENCIA\AreasInfluencia_Salud_Buffers.shp,6,Polygon,SERVICIO|METODO|CENTRO|MUNICIPIO|NIVEL|RADIO_KM|AREA_HA,6,1,1,1,1,1,1
AreasInfluencia_Salud_Voronoi.shp,BASE_RICARDO\ENTREGA_1_TALLER_8\VUR10_SERVICIOS_SOCIALES\shp\AREAS_INFLUENCIA\AreasInfluencia_Salud_Voronoi.shp,6,MultiPolygon,SERVICIO|METODO|CENTRO|MUNICIPIO|NIVEL|AREA_HA,6,1,1,1,1,1,1
Centros_Prestadores_Salud.shp,BASE_RICARDO\ENTREGA_1_TALLER_8\VUR10_SERVICIOS_SOCIALES\shp\AREAS_INFLUENCIA\Centros_Prestadores_Salud.shp,6,Point,MUNICIPIO|CENTRO|PRESTADOR|NIVEL|ese|naju_nombr,6,1,1,1,1,1,1
Educacion_Superior_OSM_Corredor.shp,BASE_RICARDO\ENTREGA_1_TALLER_8\VUR10_SERVICIOS_SOCIALES\shp\EDUCACION\Educacion_Superior_OSM_Corredor.shp,22,Point,OSM_ID|NOMBRE|AMENITY|OPERATOR|ISCED|FUENTE|ANIO|COD_DANE|MUNICIPIO,22,17,4,0,0,1,0
Sedes_Educativas_SISE_Corredor.shp,BASE_RICARDO\ENTREGA_1_TALLER_8\VUR10_SERVICIOS_SOCIALES\shp\EDUCACION\Sedes_Educativas_SISE_Corredor.shp,270,Point,NOMBRE_SED|NOMBRE_IE|COD_SEDE|COD_IE|MUNICIPIO|COD_DANE|NIVELES|SECTOR|ZONA|DIRECCION|MATRICULA|FUENTE|PRECISION|ANIO|TIPO_EST,270,143,51,14,13,28,21
SENA_Centros_Corredor.shp,BASE_RICARDO\ENTREGA_1_TALLER_8\VUR10_SERVICIOS_SOCIALES\shp\EDUCACION\SENA_Centros_Corredor.shp,1,Point,NOMBRE|COD_CENTRO|REGIONAL|DEPTO|MUNIC_SENA|FUENTE|ANIO|COD_DANE|MUNICIPIO,1,1,0,0,0,0,0
SENA_Centros_Nacional.shp,BASE_RICARDO\ENTREGA_1_TALLER_8\VUR10_SERVICIOS_SOCIALES\shp\EDUCACION\SENA_Centros_Nacional.shp,1,Point,NOMBRE|COD_CENTRO|REGIONAL|DEPTO|MUNIC_SENA|FUENTE|ANIO,1,1,0,0,0,0,0
Bancos_Nacional.shp,BASE_RICARDO\ENTREGA_1_TALLER_8\VUR10_SERVICIOS_SOCIALES\shp\NACIONAL_BANCOS\Bancos_Nacional.shp,66,Point,osm_id|osm_type|amenity|name|operator|brand|addr_city|addr_full|lat|lon,66,42,10,2,1,6,5
Equipamientos_Nacional.shp,BASE_RICARDO\ENTREGA_1_TALLER_8\VUR10_SERVICIOS_SOCIALES\shp\NACIONAL_EQUIPAMIENTOS\Equipamientos_Nacional.shp,37,Point,nombre|tipo|fuente|oficial,37,19,4,3,3,5,3
Equipamientos_Nacional_OSM_NOOFICIAL.shp,BASE_RICARDO\ENTREGA_1_TALLER_8\VUR10_SERVICIOS_SOCIALES\shp\NACIONAL_EQUIPAMIENTOS\Equipamientos_Nacional_OSM_NOOFICIAL.shp,30,Point,osm_id|osm_type|amenity|name|addr|fuente,30,17,3,2,2,4,2
Equipamientos_Nacional_SUIT_Alcaldias_Gobernaciones.shp,BASE_RICARDO\ENTREGA_1_TALLER_8\VUR10_SERVICIOS_SOCIALES\shp\NACIONAL_EQUIPAMIENTOS\Equipamientos_Nacional_SUIT_Alcaldias_Gobernaciones.shp,7,Point,cod_sigep|nombre|tipo|depto|municipio|fuente,7,2,1,1,1,1,1
Otros_Servicios_OSM_Corredor.shp,BASE_RICARDO\ENTREGA_1_TALLER_8\VUR10_SERVICIOS_SOCIALES\shp\OTROS_SERVICIOS\Otros_Servicios_OSM_Corredor.shp,103,Point,OSM_ID|NOMBRE|TIPO|OPERADOR|FUENTE|ANIO|COD_DANE|MUNICIPIO,103,61,13,5,3,11,10
RiesgoIncendios_CondicionesNormales_Corredor.shp,BASE_RICARDO\ENTREGA_1_TALLER_8\VUR3_AMENAZAS\shp\RiesgoIncendios_CondicionesNormales_Corredor.shp,369,Polygon,CLASIFICAC|Shape_Leng|Shape_Area,249,85,61,23,12,43,25
EQUIPAMIENTOS_CONSOLIDADO_Casanare6.shp,BASE_RICARDO\ENTREGA_25_SEP_2026\01_EQUIPAMIENTOS_GENERAL\EQUIPAMIENTOS_CONSOLIDADO_Casanare6.shp,482,Point,ID|NOMBRE|CATEGORIA|SUBCATEG|COD_DANE|MUNICIPIO|ZONA|FUENTE|URL_FUENT|FECHA_DES|OFICIAL|PRECISIO|ESTADO|DUP_DE,482,298,69,28,12,36,39
EQUIPAMIENTOS_CONSOLIDADO_Casanare6_FINAL.shp,BASE_RICARDO\ENTREGA_25_SEP_2026\01_EQUIPAMIENTOS_GENERAL\EQUIPAMIENTOS_CONSOLIDADO_Casanare6_FINAL.shp,954,Point,CATEGORIA|SUBCAT|NOMBRE|COD_DANE|MUNICIPIO|FUENTE|CAPA_ORIGE,954,523,133,62,30,96,110
EQUIPAMIENTOS_CONSOLIDADO_Casanare6_v2.shp,BASE_RICARDO\ENTREGA_25_SEP_2026\01_EQUIPAMIENTOS_GENERAL\EQUIPAMIENTOS_CONSOLIDADO_Casanare6_v2.shp,482,Point,ID|NOMBRE|CATEGORIA|SUBCATEG|COD_DANE|MUNICIPIO|ZONA|FUENTE|URL_FUENT|FECHA_DES|OFICIAL|PRECISIO|ESTADO|DUP_DE|ZONA_OLD,482,298,69,28,12,36,39
PERIM_URB_Casanare6.shp,BASE_RICARDO\ENTREGA_25_SEP_2026\01_EQUIPAMIENTOS_GENERAL\PERIM_URB_Casanare6.shp,20,Polygon,DEPARTAMEN|MUNICIPIO_|TIPO_AVALU|NOMBRE_GEO|CODIGO_NOM|GLOBALID|SHAPE_Leng|SHAPE_Area|codigo_mun|CODIGO_DEP,20,0,7,4,3,2,4
PERIM_URB_Casanare6_v2.shp,BASE_RICARDO\ENTREGA_25_SEP_2026\01_EQUIPAMIENTOS_GENERAL\PERIM_URB_Casanare6_v2.shp,27,Polygon,COD_DANE|TIPO|FUENTE|AREA_HA,27,2,8,5,4,3,5
T1_SUFICIENCIA_Casanare6.shp,BASE_RICARDO\ENTREGA_25_SEP_2026\01_EQUIPAMIENTOS_GENERAL\T1_SUFICIENCIA_Casanare6.shp,6,Polygon,COD_DANE|MUNICIPIO|TOT_EQUIP|POB_2018|TASA_1000H,6,1,1,1,1,1,1
COBERTURA_CULTURAL_Casanare6.shp,BASE_RICARDO\ENTREGA_25_SEP_2026\01_EQUIPAMIENTOS_GENERAL\COBERTURA\COBERTURA_CULTURAL_Casanare6.shp,1,MultiPolygon,CATEGORIA|RADIO_M,1,1,0,0,0,0,0
COBERTURA_DEPORTIVO_Casanare6.shp,BASE_RICARDO\ENTREGA_25_SEP_2026\01_EQUIPAMIENTOS_GENERAL\COBERTURA\COBERTURA_DEPORTIVO_Casanare6.shp,1,MultiPolygon,CATEGORIA|RADIO_M,1,1,0,0,0,0,0
COBERTURA_EDUCACION_Casanare6.shp,BASE_RICARDO\ENTREGA_25_SEP_2026\01_EQUIPAMIENTOS_GENERAL\COBERTURA\COBERTURA_EDUCACION_Casanare6.shp,1,MultiPolygon,CATEGORIA|RADIO_M,1,1,0,0,0,0,0
COBERTURA_INSTITUCIONAL_Casanare6.shp,BASE_RICARDO\ENTREGA_25_SEP_2026\01_EQUIPAMIENTOS_GENERAL\COBERTURA\COBERTURA_INSTITUCIONAL_Casanare6.shp,1,MultiPolygon,CATEGORIA|RADIO_M,1,1,0,0,0,0,0
COBERTURA_SALUD_Casanare6.shp,BASE_RICARDO\ENTREGA_25_SEP_2026\01_EQUIPAMIENTOS_GENERAL\COBERTURA\COBERTURA_SALUD_Casanare6.shp,1,MultiPolygon,CATEGORIA|RADIO_M,1,1,0,0,0,0,0
COBERTURA_EDUCATIVA_Casanare6.shp,BASE_RICARDO\ENTREGA_25_SEP_2026\02_EQUIPAMIENTOS_EDUCATIVOS\COBERTURA_EDUCATIVA_Casanare6.shp,6,MultiPolygon,COD_DANE|MUNICIPIO,6,1,1,1,1,1,1
EDUC_SUPERIOR_Casanare6.shp,BASE_RICARDO\ENTREGA_25_SEP_2026\02_EQUIPAMIENTOS_EDUCATIVOS\EDUC_SUPERIOR_Casanare6.shp,23,Point,NOMBRE|TIPO|COD_DANE|MPIO|FUENTE|OFICIAL,23,18,4,0,0,1,0
Sedes_Educativas_NivelEdu_Casanare6.shp,BASE_RICARDO\ENTREGA_25_SEP_2026\02_EQUIPAMIENTOS_EDUCATIVOS\Sedes_Educativas_NivelEdu_Casanare6.shp,270,Point,NOMBRE_SED|NOMBRE_IE|COD_SEDE|COD_IE|MUNICIPIO|COD_DANE|NIVELES|SECTOR|ZONA|DIRECCION|MATRICULA|FUENTE|PRECISION|ANIO|TIPO_EST|NIVEL_EDU,270,143,51,14,13,28,21
IPS_SEDES_6M_Casanare6.shp,BASE_RICARDO\ENTREGA_25_SEP_2026\03_EQUIPAMIENTOS_SALUD\IPS_SEDES_6M_Casanare6.shp,157,Point,COD_HABIL|COD_SEDE|NOMBRE|NATURALEZ|CLASE_PRE|NIVEL_ATN|COMPLEJ|CAMAS|CAMAS_UCI|AMBULANC|ONCO_QUIM|CIRUGIA|TRASPLANT|ZONA|HABIL_VIG|mpio_cdpmp|mpio_cnmbr,157,119,10,10,1,5,12
ISOCRONAS_SALUD_Casanare6.shp,BASE_RICARDO\ENTREGA_25_SEP_2026\03_EQUIPAMIENTOS_SALUD\ISOCRONAS_SALUD_Casanare6.shp,6,MultiPolygon,categoria|minutos,6,1,0,1,0,3,1
Bibliotecas_Casanare6.shp,BASE_RICARDO\ENTREGA_25_SEP_2026\04_EQUIPAMIENTOS_SOCIALES\Bibliotecas_Casanare6.shp,18,Point,ID|NOMBRE|CATEGORIA|SUBCATEG|COD_DANE|MUNICIPIO|ZONA|FUENTE|URL_FUENTE|FECHA_DESC|OFICIAL|PRECISION,18,8,1,2,2,2,3
BienestarSocial_Casanare6.shp,BASE_RICARDO\ENTREGA_25_SEP_2026\04_EQUIPAMIENTOS_SOCIALES\BienestarSocial_Casanare6.shp,97,Point,NOMBRE|SUBCAT|COD_DANE|MPIO|FUENTE|OFICIAL,97,34,15,13,4,11,20
CentrosCulturales_Casanare6.shp,BASE_RICARDO\ENTREGA_25_SEP_2026\04_EQUIPAMIENTOS_SOCIALES\CentrosCulturales_Casanare6.shp,27,Point,ID|NOMBRE|CATEGORIA|SUBCATEG|COD_DANE|MUNICIPIO|ZONA|FUENTE|URL_FUENTE|FECHA_DESC|OFICIAL|PRECISION,27,8,5,2,3,2,7
COBERTURA_SOCIALES_Casanare6.shp,BASE_RICARDO\ENTREGA_25_SEP_2026\04_EQUIPAMIENTOS_SOCIALES\COBERTURA_SOCIALES_Casanare6.shp,1,MultiPolygon,id,1,1,0,0,0,0,0
Culto_Casanare6.shp,BASE_RICARDO\ENTREGA_25_SEP_2026\04_EQUIPAMIENTOS_SOCIALES\Culto_Casanare6.shp,26,Point,ID|NOMBRE|CATEGORIA|SUBCATEG|COD_DANE|MUNICIPIO|ZONA|FUENTE|URL_FUENTE|FECHA_DESC|OFICIAL|PRECISION,26,15,4,2,2,1,2
EscenariosDeportivos_Casanare6.shp,BASE_RICARDO\ENTREGA_25_SEP_2026\04_EQUIPAMIENTOS_SOCIALES\EscenariosDeportivos_Casanare6.shp,253,Point,ID|NOMBRE|CATEGORIA|SUBCATEG|COD_DANE|MUNICIPIO|ZONA|FUENTE|URL_FUENTE|FECHA_DESC|OFICIAL|PRECISION,253,120,33,13,8,41,38
Museos_Casanare6.shp,BASE_RICARDO\ENTREGA_25_SEP_2026\04_EQUIPAMIENTOS_SOCIALES\Museos_Casanare6.shp,3,Point,ID|NOMBRE|CATEGORIA|SUBCATEG|COD_DANE|MUNICIPIO|ZONA|FUENTE|URL_FUENTE|FECHA_DESC|OFICIAL|PRECISION,3,3,0,0,0,0,0
PlazasMercado_Casanare6.shp,BASE_RICARDO\ENTREGA_25_SEP_2026\04_EQUIPAMIENTOS_SOCIALES\PlazasMercado_Casanare6.shp,31,Point,NOMBRE|SUBCAT|COD_DANE|MPIO|FUENTE|OSM_ID|OFICIAL|AREA_M2,31,27,1,0,0,2,1
TeatrosAuditorios_Casanare6.shp,BASE_RICARDO\ENTREGA_25_SEP_2026\04_EQUIPAMIENTOS_SOCIALES\TeatrosAuditorios_Casanare6.shp,13,Point,ID|NOMBRE|CATEGORIA|SUBCATEG|COD_DANE|MUNICIPIO|ZONA|FUENTE|URL_FUENTE|FECHA_DESC|OFICIAL|PRECISION,13,9,2,0,0,2,0
mincultura_temp.shp,BASE_RICARDO\ENTREGA_25_SEP_2026\04_EQUIPAMIENTOS_SOCIALES\_raw\mincultura_temp.shp,37,Point,NOMBRE|CATEGORIA|SUBCATEG|COD_DANE|MUNICIPIO|FUENTE|URL_FUENTE|FECHA_DESC|OFICIAL|PRECISION,37,16,8,3,4,3,3
osm_filtrado_temp.shp,BASE_RICARDO\ENTREGA_25_SEP_2026\04_EQUIPAMIENTOS_SOCIALES\_raw\osm_filtrado_temp.shp,353,Point,NOMBRE|CATEGORIA|SUBCATEG|FUENTE|URL_FUENTE|FECHA_DESC|OFICIAL|PRECISION|COD_DANE|MUNICIPIO,353,176,44,20,11,53,49
turismo_temp.shp,BASE_RICARDO\ENTREGA_25_SEP_2026\04_EQUIPAMIENTOS_SOCIALES\_raw\turismo_temp.shp,3,Point,NOMBRE|CATEGORIA|SUBCATEG|COD_DANE|MUNICIPIO|FUENTE|URL_FUENTE|FECHA_DESC|OFICIAL|PRECISION,3,2,0,0,0,0,1
U_PERIMETRO.shp,BASE_RICARDO\ENTREGA_25_SEP_2026\04_EQUIPAMIENTOS_SOCIALES\_raw\_perim_urb_extract\U_PERIMETRO\U_PERIMETRO.shp,2411,Polygon,DEPARTAMEN|MUNICIPIO_|TIPO_AVALU|NOMBRE_GEO|CODIGO_NOM|GLOBALID|SHAPE_Leng|SHAPE_Area|codigo_mun|CODIGO_DEP,20,0,7,4,3,2,4
Aerodromos_Pistas_Casanare6.shp,BASE_RICARDO\ENTREGA_25_SEP_2026\05_EQUIPAMIENTOS_INSTITUCIONALES\Aerodromos_Pistas_Casanare6.shp,27,Point,ID|NOMBRE|CATEGORIA|SUBCATEG|COD_DANE|MUNICIPIO|ZONA|FUENTE|URL_FUEN|FECHA_DES|OFICIAL|PRECISIO|tags,27,10,7,2,1,1,6
Alcaldias_Casanare6.shp,BASE_RICARDO\ENTREGA_25_SEP_2026\05_EQUIPAMIENTOS_INSTITUCIONALES\Alcaldias_Casanare6.shp,9,Point,ID|NOMBRE|CATEGORIA|SUBCATEG|COD_DANE|MUNICIPIO|ZONA|FUENTE|URL_FUEN|FECHA_DES|OFICIAL|PRECISIO|tags,9,1,2,1,1,3,1
Bomberos_Casanare6.shp,BASE_RICARDO\ENTREGA_25_SEP_2026\05_EQUIPAMIENTOS_INSTITUCIONALES\Bomberos_Casanare6.shp,5,Point,OSM_ID|NOMBRE|AMENITY|OFFICE|MILITARY|EMERGENCY|COD_DANE|MUNICIPIO|FUENTE|CATEGORIA,5,1,0,1,0,1,2
Bomberos_Casanare6_v2.shp,BASE_RICARDO\ENTREGA_25_SEP_2026\05_EQUIPAMIENTOS_INSTITUCIONALES\Bomberos_Casanare6_v2.shp,5,Point,OSM_ID|NOMBRE|AMENITY|OFFICE|MILITARY|EMERGENCY|COD_DANE|MUNICIPIO|FUENTE|CATEGORIA,5,1,0,1,0,1,2
Cuadrantes_Policia_Yopal_Casanare6.shp,BASE_RICARDO\ENTREGA_25_SEP_2026\05_EQUIPAMIENTOS_INSTITUCIONALES\Cuadrantes_Policia_Yopal_Casanare6.shp,121,Point,ID|NOMBRE|CATEGORIA|SUBCATEG|COD_DANE|MUNICIPIO|ZONA|BARRIO|CUADRANTE|DIRECCION|TELEFONO|FUENTE|URL_FUEN|FECHA_DES|OFICIAL|PRECISIO,121,121,0,0,0,0,0
DefensaCivil_CruzRoja_Casanare6.shp,BASE_RICARDO\ENTREGA_25_SEP_2026\05_EQUIPAMIENTOS_INSTITUCIONALES\DefensaCivil_CruzRoja_Casanare6.shp,4,Point,OSM_ID|NOMBRE|AMENITY|OFFICE|MILITARY|EMERGENCY|COD_DANE|MUNICIPIO|FUENTE|CATEGORIA,4,3,0,0,0,0,1
Fiscalias_Justicia_Casanare6.shp,BASE_RICARDO\ENTREGA_25_SEP_2026\05_EQUIPAMIENTOS_INSTITUCIONALES\Fiscalias_Justicia_Casanare6.shp,34,Point,ID|NOMBRE|CATEGORIA|SUBCATEG|COD_DANE|MUNICIPIO|ZONA|FUENTE|URL_FUEN|FECHA_DES|OFICIAL|PRECISIO|tags,34,24,3,5,0,1,1
Militar_Casanare6.shp,BASE_RICARDO\ENTREGA_25_SEP_2026\05_EQUIPAMIENTOS_INSTITUCIONALES\Militar_Casanare6.shp,29,Point,ID|NOMBRE|CATEGORIA|SUBCATEG|COD_DANE|MUNICIPIO|ZONA|FUENTE|URL_FUEN|FECHA_DES|OFICIAL|PRECISIO|tags,29,28,0,0,0,1,0
Militar_Casanare6_instalaciones.shp,BASE_RICARDO\ENTREGA_25_SEP_2026\05_EQUIPAMIENTOS_INSTITUCIONALES\Militar_Casanare6_instalaciones.shp,4,Point,NOMBRE|COD_DANE|MUNICIPIO|N_GEOM_OSM|IDS_FUSION,4,3,0,0,0,1,0
Notarias_Casanare6.shp,BASE_RICARDO\ENTREGA_25_SEP_2026\05_EQUIPAMIENTOS_INSTITUCIONALES\Notarias_Casanare6.shp,1,Point,OSM_ID|NOMBRE|AMENITY|OFFICE|MILITARY|EMERGENCY|COD_DANE|MUNICIPIO|FUENTE|CATEGORIA,1,1,0,0,0,0,0
Policia_Casanare6.shp,BASE_RICARDO\ENTREGA_25_SEP_2026\05_EQUIPAMIENTOS_INSTITUCIONALES\Policia_Casanare6.shp,16,Point,ID|NOMBRE|CATEGORIA|SUBCATEG|COD_DANE|MUNICIPIO|ZONA|FUENTE|URL_FUEN|FECHA_DES|OFICIAL|PRECISIO|tags,16,11,1,1,1,1,1
T5_I01_MATRIZ_PRESENCIA_Casanare6.shp,BASE_RICARDO\ENTREGA_25_SEP_2026\05_EQUIPAMIENTOS_INSTITUCIONALES\T5_I01_MATRIZ_PRESENCIA_Casanare6.shp,6,Polygon,DANE|Municipio|Alcaldias|Notarias|Fiscalias_|Policia|Bomberos|DefensaCiv|Militar|Terminales|N_CATEG_PR|INDICE_PRE,6,1,1,1,1,1,1
Terminales_Terrestres_Casanare6_dedup.shp,BASE_RICARDO\ENTREGA_25_SEP_2026\05_EQUIPAMIENTOS_INSTITUCIONALES\Terminales_Terrestres_Casanare6_dedup.shp,3,Point,ID|NOMBRE|CATEGORIA|SUBCATEG|COD_DANE|MUNICIPIO|ZONA|FUENTE|URL_FUEN|FECHA_DES|OFICIAL|PRECISIO|tags|GRUPO|IDS_FUSION,3,2,1,0,0,0,0
Terminales_Transporte_Casanare6.shp,BASE_RICARDO\ENTREGA_25_SEP_2026\05_EQUIPAMIENTOS_INSTITUCIONALES\Terminales_Transporte_Casanare6.shp,33,Point,ID|NOMBRE|CATEGORIA|SUBCATEG|COD_DANE|MUNICIPIO|ZONA|FUENTE|URL_FUEN|FECHA_DES|OFICIAL|PRECISIO|tags,33,13,10,2,1,1,6
ACCIDENTES_ANSV_Casanare6.shp,BASE_RICARDO\ENTREGA_25_SEP_2026\06_TRANSPORTE\ACCIDENTES_ANSV_Casanare6.shp,2753,Point,USUARIO|FECHA|SEXO|EDAD|CIRCUNST|REGION|DIVIPOLA|COD_DANE|MUNICIPIO|GRAVEDAD,2753,1565,472,158,25,272,261
ACCIDENTES_Casanare6.shp,BASE_RICARDO\ENTREGA_25_SEP_2026\06_TRANSPORTE\ACCIDENTES_Casanare6.shp,1117,Point,ID_ORIG|GRAVEDAD|SOLO_DANO|LESIONADOS|MUERTOS|DIRECCION|AREA|HORA|VEHIC_TIPO|mpio_cdpmp|mpio_cnmbr,1117,1113,4,0,0,0,0
AERODROMOS_OFICIAL_Casanare6.shp,BASE_RICARDO\ENTREGA_25_SEP_2026\06_TRANSPORTE\AERODROMOS_OFICIAL_Casanare6.shp,2,Point,NOMBRE|OACI|IATA|TIPO|COD_DANE|FUENTE,2,1,0,0,0,0,1
HOTSPOTS_ACCIDENTES_Casanare6.shp,BASE_RICARDO\ENTREGA_25_SEP_2026\06_TRANSPORTE\HOTSPOTS_ACCIDENTES_Casanare6.shp,244,LineString,TRAMO_ID|N_SINIESTR|N_MUERTOS|GI_Z|GI_P|CLASE,244,52,69,40,39,23,21
INFRA_TRANSPORTE_OSM_Casanare6.shp,BASE_RICARDO\ENTREGA_25_SEP_2026\06_TRANSPORTE\INFRA_TRANSPORTE_OSM_Casanare6.shp,44,Point,osm_id|osm_type|amenity|highway|aeroway|name|mpio_cdpmp|mpio_cnmbr|TIPO_TRANS,44,17,12,4,1,3,7
NODOS_MUNICIPALES_Casanare6.shp,BASE_RICARDO\ENTREGA_25_SEP_2026\06_TRANSPORTE\NODOS_MUNICIPALES_Casanare6.shp,6,Point,mpio_cdpmp|mpio_cnmbr,6,1,1,1,1,1,1
NODOS_MUNICIPALES_Casanare6_v2.shp,BASE_RICARDO\ENTREGA_25_SEP_2026\06_TRANSPORTE\NODOS_MUNICIPALES_Casanare6_v2.shp,6,Point,COD_DANE|NOMBRE|FUENTE|METODO,6,1,1,1,1,1,1
RED_VIAL_CLIP_Casanare6.shp,BASE_RICARDO\ENTREGA_25_SEP_2026\06_TRANSPORTE\RED_VIAL_CLIP_Casanare6.shp,8,LineString,objectid|key|cod_tramo|codigo_via|pr_inicial|dist_ini|pr_finl|dist_fin|territoria|tramo|sector|administra|amv|superficie|calzada|ruta|fuente|fecha_fuen|fecha_actu|concesion|observacio|estado|observac_1|reversion|pr_ini_con,8,2,2,0,3,0,1
RUTAS_OD_Casanare6.shp,BASE_RICARDO\ENTREGA_25_SEP_2026\06_TRANSPORTE\RUTAS_OD_Casanare6.shp,15,LineString,ORIGEN_COD|ORIGEN|DESTINO_CO|DESTINO|DIST_KM|TIEMPO_MIN|VEL_MED_KM|CONECTADO,15,1,2,5,3,4,0
Estado_Vial_INVIAS_2018_Casanare6.shp,BASE_RICARDO\ENTREGA_25_SEP_2026\07_VIAS\Estado_Vial_INVIAS_2018_Casanare6.shp,68,LineString,objectid|territoria|vía|prinicial|priniciald|prfinal|prfinaldis|longitud|tip_superf|estado|calzada|from_ref_l|to_ref_loc|event_id_e|rid|locerror|to_date|from_date|from_meas|to_meas|from_ref_o|to_ref_off|from_ref_m|to_ref_met|st_length(,68,40,28,0,0,0,0
Peajes_Casanare6.shp,BASE_RICARDO\ENTREGA_25_SEP_2026\07_VIAS\Peajes_Casanare6.shp,1,Point,objectid|codigo_via|pr|distanciap|nombre|administra|territoria|latsig|longsig|cat_1|cat_4|cat_5|cat_6|cat_7|link_foto|sector|cat_2|cat_3|ruleid|a_cargo_de|sentido|ubicacion|telefono_p|telefono_g|eje_adicio,1,0,0,0,0,0,1
Puentes_Casanare6.shp,BASE_RICARDO\ENTREGA_25_SEP_2026\07_VIAS\Puentes_Casanare6.shp,80,Point,objectid|id_evento|nombre|vias|carretera|pr_o|pr|dist|admini|luces|luz_min|luz_max|l_total|tablero|and_izq|and_der|s_transv|s_longit|material|construc|reconstr|fecha_insp|ruta_id|concat|routeid,80,11,21,22,8,16,2
Red_Vial_INVIAS_Casanare6.shp,BASE_RICARDO\ENTREGA_25_SEP_2026\07_VIAS\Red_Vial_INVIAS_Casanare6.shp,8,LineString,objectid|key|cod_tramo|codigo_via|pr_inicial|dist_ini|pr_finl|dist_fin|territoria|tramo|sector|administra|amv|superficie|calzada|ruta|fuente|fecha_fuen|fecha_actu|concesion|observacio|estado|observac_1|reversion|pr_ini_con,8,2,2,0,3,0,1
RED_VIAL_OFICIAL_SEC_TER_Casanare6.shp,BASE_RICARDO\ENTREGA_25_SEP_2026\07_VIAS\RED_VIAL_OFICIAL_SEC_TER_Casanare6.shp,308,LineString,COD_VIA|NOMBRE|CATEGORIA|TIPOEJE|SENTIDO|MUN_ORIG|DEPARTAM|ORIGEN|COMPETENCI|COD_DANE|MUNICIPIO|LONG_KM,308,194,6,1,0,102,5
RED_VIAL_OSM_Casanare6.shp,BASE_RICARDO\ENTREGA_25_SEP_2026\07_VIAS\RED_VIAL_OSM_Casanare6.shp,11792,LineString,osm_id|highway|surface|name|LONG_KM|COD_DANE|MUNICIPIO,11791,5533,1648,997,263,1908,1442
TPD_Estaciones_Casanare6.shp,BASE_RICARDO\ENTREGA_25_SEP_2026\07_VIAS\TPD_Estaciones_Casanare6.shp,2,LineString,objectid_1|objectid_2|objectid|codigo_via|estacion|territ|sector|km|pr_ini|dist_ini|pr_fin|dist_fin|shape_leng|st_length_|conteo|au_p|bu_p|ca_p|tcam|c3|c4|c5|c6|c7|mpio_cdpmp,2,1,0,0,1,0,0
VC_NIVEL_SERVICIO_Casanare6.shp,BASE_RICARDO\ENTREGA_25_SEP_2026\07_VIAS\VC_NIVEL_SERVICIO_Casanare6.shp,2,LineString,cod_tramo|cod_via|tramo|sector|fte_dato|tpd_vdia|pct_cam|pct_bus|pct_auto|k|vhmd_vh|fac_fpe|cap_real|vc_ratio|niv_serv|cap_ideal|fac_fd|fac_fcb|fac_fp|fuente_met,2,1,0,0,1,0,0
Estado_Vial_INVIAS_2018_raw_bbox_4326.shp,BASE_RICARDO\ENTREGA_25_SEP_2026\07_VIAS\_raw\Estado_Vial_INVIAS_2018_raw_bbox_4326.shp,157,LineString,objectid|territoria|vía|prinicial|priniciald|prfinal|prfinaldis|longitud|tip_superf|estado|calzada|from_ref_l|to_ref_loc|event_id_e|rid|locerror|to_date|from_date|from_meas|to_meas|from_ref_o|to_ref_off|from_ref_m|to_ref_met|st_length(,67,39,28,0,0,0,0
Peajes_raw_4686.shp,BASE_RICARDO\ENTREGA_25_SEP_2026\07_VIAS\_raw\Peajes_raw_4686.shp,5,Point,objectid|codigo_via|pr|distanciap|nombre|administra|territoria|latsig|longsig|cat_1|cat_4|cat_5|cat_6|cat_7|link_foto|sector|cat_2|cat_3|ruleid|a_cargo_de|sentido|ubicacion|telefono_p|telefono_g|eje_adicio,1,0,0,0,0,0,1
Puentes_raw_4686.shp,BASE_RICARDO\ENTREGA_25_SEP_2026\07_VIAS\_raw\Puentes_raw_4686.shp,80,Point,objectid|id_evento|nombre|vias|carretera|pr_o|pr|dist|admini|luces|luz_min|luz_max|l_total|tablero|and_izq|and_der|s_transv|s_longit|material|construc|reconstr|fecha_insp|ruta_id|concat|routeid,80,11,21,22,8,16,2
Red_Vial_INVIAS_raw_4686.shp,BASE_RICARDO\ENTREGA_25_SEP_2026\07_VIAS\_raw\Red_Vial_INVIAS_raw_4686.shp,625,MultiLineString,objectid|key|cod_tramo|codigo_via|pr_inicial|dist_ini|pr_finl|dist_fin|territoria|tramo|sector|administra|amv|superficie|calzada|ruta|fuente|fecha_fuen|fecha_actu|concesion|observacio|estado|observac_1|reversion|pr_ini_con,4,1,1,0,2,0,0
sinc_clip_test.shp,BASE_RICARDO\ENTREGA_25_SEP_2026\07_VIAS\_raw\sinc_clip_test.shp,308,LineString,objectid_1|codigovia|nombrevia|categoria|longitud|tipoeje|sentido|codigovia1|municipio|departam|obs|objectid|origen|competenci|Shape__Len|mpio_cdpmp|mpio_cnmbr,308,194,6,1,0,102,5
TPD_Estaciones_raw_4686.shp,BASE_RICARDO\ENTREGA_25_SEP_2026\07_VIAS\_raw\TPD_Estaciones_raw_4686.shp,29,LineString,objectid_1|objectid_2|objectid|codigo_via|estacion|territ|sector|km|pr_ini|dist_ini|pr_fin|dist_fin|shape_leng|st_length_|conteo|au_p|bu_p|ca_p|tcam|c3|c4|c5|c6|c7,9,2,3,2,1,0,1
ESCENARIOS_LIBRES_6M_Casanare6.shp,BASE_RICARDO\ENTREGA_25_SEP_2026\08_ESPACIO_PUBLICO\ESCENARIOS_LIBRES_6M_Casanare6.shp,259,Polygon,osm_id|osm_type|nombre|leisure|landuse|sport|mpio_dane|municipio|categoria,259,129,31,12,8,44,35
PARQUES_RECREACION_6M_Casanare6.shp,BASE_RICARDO\ENTREGA_25_SEP_2026\08_ESPACIO_PUBLICO\PARQUES_RECREACION_6M_Casanare6.shp,297,Polygon,osm_id|osm_type|nombre|leisure|landuse|sport|mpio_dane|municipio|categoria,297,100,56,28,22,53,38
Peajes_Corredor.shp,BASE_RICARDO\GIS65\Vial\Peajes_Corredor.shp,1,Point,objectid|codigo_via|pr|distanciap|nombre|administra|territoria|latsig|longsig|cat_1|cat_4|cat_5|cat_6|cat_7|link_foto|sector|cat_2|cat_3|ruleid|a_cargo_de|sentido|ubicacion|telefono_p|telefono_g|eje_adicio,1,0,0,0,0,0,1
Puentes_Corredor.shp,BASE_RICARDO\GIS65\Vial\Puentes_Corredor.shp,80,Point,objectid|id_evento|nombre|vias|carretera|pr_o|pr|dist|admini|luces|luz_min|luz_max|l_total|tablero|and_izq|and_der|s_transv|s_longit|material|construc|reconstr|fecha_insp|ruta_id|concat|routeid,80,11,21,22,8,16,2
RedVial_Corredor.shp,BASE_RICARDO\GIS65\Vial\RedVial_Corredor.shp,4,MultiLineString,objectid|key|cod_tramo|codigo_via|pr_inicial|dist_ini|pr_finl|dist_fin|territoria|tramo|sector|administra|amv|superficie|calzada|ruta|fuente|fecha_fuen|fecha_actu|concesion|observacio|estado|observac_1|reversion|pr_ini_con,4,1,1,0,2,0,0
Via_corredor.shp,BASE_RICARDO\GIS65\Vial\Via_corredor.shp,1340,LineString,TIPO_VIA|ESTADO_SUP|NUMERO_CAR|ACCESIBILI|NOMBRE_GEO|PROYECTO|SYMBOL|FECHA|RULEID|PK_CUE|GLOBALID|EJE_VIAL|SHAPE_Leng,1340,492,231,186,89,230,112
Peajes_Corredor.shp,BASE_RICARDO\GIS65\Vial\_SIN_RECORTAR\Peajes_Corredor.shp,5,Point,objectid|codigo_via|pr|distanciap|nombre|administra|territoria|latsig|longsig|cat_1|cat_4|cat_5|cat_6|cat_7|link_foto|sector|cat_2|cat_3|ruleid|a_cargo_de|sentido|ubicacion|telefono_p|telefono_g|eje_adicio,1,0,0,0,0,0,1
Puentes_Corredor.shp,BASE_RICARDO\GIS65\Vial\_SIN_RECORTAR\Puentes_Corredor.shp,80,Point,objectid|id_evento|nombre|vias|carretera|pr_o|pr|dist|admini|luces|luz_min|luz_max|l_total|tablero|and_izq|and_der|s_transv|s_longit|material|construc|reconstr|fecha_insp|ruta_id|concat|routeid,80,11,21,22,8,16,2
RedVial_Corredor.shp,BASE_RICARDO\GIS65\Vial\_SIN_RECORTAR\RedVial_Corredor.shp,4,MultiLineString,objectid|key|cod_tramo|codigo_via|pr_inicial|dist_ini|pr_finl|dist_fin|territoria|tramo|sector|administra|amv|superficie|calzada|ruta|fuente|fecha_fuen|fecha_actu|concesion|observacio|estado|observac_1|reversion|pr_ini_con,4,1,1,0,2,0,0
Via_corredor.shp,BASE_RICARDO\GIS65\Vial\_SIN_RECORTAR\Via_corredor.shp,1340,LineString,TIPO_VIA|ESTADO_SUP|NUMERO_CAR|ACCESIBILI|NOMBRE_GEO|PROYECTO|SYMBOL|FECHA|RULEID|PK_CUE|GLOBALID|EJE_VIAL|SHAPE_Leng,1340,492,231,186,89,230,112
RiesgoIncendios_CondicionesNormales_Corredor.shp,BASE_RICARDO\GIS65\Vur_03_AMENAZAS\RiesgoIncendios_CondicionesNormales_Corredor.shp,249,Polygon,CLASIFICAC|Shape_Leng|Shape_Area,249,85,61,23,12,43,25
RiesgoIncendios_CondicionesNormales_Corredor.shp,BASE_RICARDO\GIS65\Vur_03_AMENAZAS\_SIN_RECORTAR\RiesgoIncendios_CondicionesNormales_Corredor.shp,249,Polygon,CLASIFICAC|Shape_Leng|Shape_Area,249,85,61,23,12,43,25
AreasInfluencia_Salud_Buffers.shp,BASE_RICARDO\GIS65\Vur_10_SERVICIOS\AreasInfluencia_Salud_Buffers.shp,6,Polygon,SERVICIO|METODO|CENTRO|MUNICIPIO|NIVEL|RADIO_KM|AREA_HA,6,1,1,1,1,1,1
Centros_Prestadores_Salud.shp,BASE_RICARDO\GIS65\Vur_10_SERVICIOS\Centros_Prestadores_Salud.shp,6,Point,MUNICIPIO|CENTRO|PRESTADOR|NIVEL|ese|naju_nombr,6,1,1,1,1,1,1
Educacion_Superior_OSM_Corredor.shp,BASE_RICARDO\GIS65\Vur_10_SERVICIOS\Educacion_Superior_OSM_Corredor.shp,22,Point,OSM_ID|NOMBRE|AMENITY|OPERATOR|ISCED|FUENTE|ANIO|COD_DANE|MUNICIPIO,22,17,4,0,0,1,0
IPM_Mpios.shp,BASE_RICARDO\GIS65\Vur_10_SERVICIOS\IPM_Mpios.shp,13,Polygon,DPTO_CCDGO|MPIO_CNMBR|MPIO_NAREA|MPIO_CCNCT|DPTO_CNMBR|IPM,13,2,1,1,1,3,5
IPS_Salud_Corredor.shp,BASE_RICARDO\GIS65\Vur_10_SERVICIOS\IPS_Salud_Corredor.shp,157,Point,OBJECTID|CodigoHabi|Naturaleza|Nombre|Direccion|NombrePres|TipoZona|Barrio|Telefono|NOM_DPTO|NOM_MPIO|GlobalID|Prioridad|x|y|codigohab_|codigoha_1|codigo_c12|codigo_c10|nombre_1|nombre_dat|ese|nivel|naju_nombr|mpio_cdpmp,157,119,10,10,1,5,12
Otros_Servicios_OSM_Corredor.shp,BASE_RICARDO\GIS65\Vur_10_SERVICIOS\Otros_Servicios_OSM_Corredor.shp,103,Point,OSM_ID|NOMBRE|TIPO|OPERADOR|FUENTE|ANIO|COD_DANE|MUNICIPIO,103,61,13,5,3,11,10
Sedes_Educativas_SISE_Corredor.shp,BASE_RICARDO\GIS65\Vur_10_SERVICIOS\Sedes_Educativas_SISE_Corredor.shp,270,Point,NOMBRE_SED|NOMBRE_IE|COD_SEDE|COD_IE|MUNICIPIO|COD_DANE|NIVELES|SECTOR|ZONA|DIRECCION|MATRICULA|FUENTE|PRECISION|ANIO|TIPO_EST,270,143,51,14,13,28,21
SENA_Centros_Corredor.shp,BASE_RICARDO\GIS65\Vur_10_SERVICIOS\SENA_Centros_Corredor.shp,1,Point,NOMBRE|COD_CENTRO|REGIONAL|DEPTO|MUNIC_SENA|FUENTE|ANIO|COD_DANE|MUNICIPIO,1,1,0,0,0,0,0
SENA_Centros_Nacional.shp,BASE_RICARDO\GIS65\Vur_10_SERVICIOS\SENA_Centros_Nacional.shp,1,Point,NOMBRE|COD_CENTRO|REGIONAL|DEPTO|MUNIC_SENA|FUENTE|ANIO,1,1,0,0,0,0,0
AreasInfluencia_Salud_Buffers.shp,BASE_RICARDO\GIS65\Vur_10_SERVICIOS\_SIN_RECORTAR\AreasInfluencia_Salud_Buffers.shp,6,Polygon,SERVICIO|METODO|CENTRO|MUNICIPIO|NIVEL|RADIO_KM|AREA_HA,6,1,1,1,1,1,1
Centros_Prestadores_Salud.shp,BASE_RICARDO\GIS65\Vur_10_SERVICIOS\_SIN_RECORTAR\Centros_Prestadores_Salud.shp,6,Point,MUNICIPIO|CENTRO|PRESTADOR|NIVEL|ese|naju_nombr,6,1,1,1,1,1,1
Educacion_Superior_OSM_Corredor.shp,BASE_RICARDO\GIS65\Vur_10_SERVICIOS\_SIN_RECORTAR\Educacion_Superior_OSM_Corredor.shp,22,Point,OSM_ID|NOMBRE|AMENITY|OPERATOR|ISCED|FUENTE|ANIO|COD_DANE|MUNICIPIO,22,17,4,0,0,1,0
IPM_Mpios.shp,BASE_RICARDO\GIS65\Vur_10_SERVICIOS\_SIN_RECORTAR\IPM_Mpios.shp,1122,Polygon,DPTO_CCDGO|MPIO_CNMBR|MPIO_NAREA|MPIO_CCNCT|DPTO_CNMBR|IPM,6,1,1,1,1,1,1
IPS_Salud_Corredor.shp,BASE_RICARDO\GIS65\Vur_10_SERVICIOS\_SIN_RECORTAR\IPS_Salud_Corredor.shp,157,Point,OBJECTID|CodigoHabi|Naturaleza|Nombre|Direccion|NombrePres|TipoZona|Barrio|Telefono|NOM_DPTO|NOM_MPIO|GlobalID|Prioridad|x|y|codigohab_|codigoha_1|codigo_c12|codigo_c10|nombre_1|nombre_dat|ese|nivel|naju_nombr|mpio_cdpmp,157,119,10,10,1,5,12
Otros_Servicios_OSM_Corredor.shp,BASE_RICARDO\GIS65\Vur_10_SERVICIOS\_SIN_RECORTAR\Otros_Servicios_OSM_Corredor.shp,103,Point,OSM_ID|NOMBRE|TIPO|OPERADOR|FUENTE|ANIO|COD_DANE|MUNICIPIO,103,61,13,5,3,11,10
Sedes_Educativas_SISE_Corredor.shp,BASE_RICARDO\GIS65\Vur_10_SERVICIOS\_SIN_RECORTAR\Sedes_Educativas_SISE_Corredor.shp,270,Point,NOMBRE_SED|NOMBRE_IE|COD_SEDE|COD_IE|MUNICIPIO|COD_DANE|NIVELES|SECTOR|ZONA|DIRECCION|MATRICULA|FUENTE|PRECISION|ANIO|TIPO_EST,270,143,51,14,13,28,21
SENA_Centros_Corredor.shp,BASE_RICARDO\GIS65\Vur_10_SERVICIOS\_SIN_RECORTAR\SENA_Centros_Corredor.shp,1,Point,NOMBRE|COD_CENTRO|REGIONAL|DEPTO|MUNIC_SENA|FUENTE|ANIO|COD_DANE|MUNICIPIO,1,1,0,0,0,0,0
SENA_Centros_Nacional.shp,BASE_RICARDO\GIS65\Vur_10_SERVICIOS\_SIN_RECORTAR\SENA_Centros_Nacional.shp,118,Point,NOMBRE|COD_CENTRO|REGIONAL|DEPTO|MUNIC_SENA|FUENTE|ANIO,1,1,0,0,0,0,0
Central_Energia_Nacional.shp,BASE_RICARDO\NACIONAL_SERVICIOS_PUBLICOS\Central_Energia_Nacional.shp,499,Point,OBJECTID|cod_dpto|departamen|cod_mpio|municipio|id_organiz|nombre_org|nombre_eje|nombre_pro|vigencia|fecha_oper|convenio_u|nombre_con|sistema|nombre_sub|tipo_subes|tension|nivel_tens|configurac|instrument|tipo_instr|este|norte|observacio|fecha_rece,3,1,1,0,1,0,0
Red_Alta_Tension_Nacional.shp,BASE_RICARDO\NACIONAL_SERVICIOS_PUBLICOS\Red_Alta_Tension_Nacional.shp,783,LineString,OBJECTID|fecha_repo|id_organiz|nombre_org|vigencia|fecha_oper|convenio_u|nombre_con|nombre_sub|nombre_s1|id_circuit|nombre_cir|nombre_tra|sistema|id_tramo|tension|nivel_tens|tipo_circu|cod_uc|circuito_v|longitud_t|tipo_condu|cable_guar|num_conduc|capacidad,2,1,0,0,0,1,0
Subestaciones_UPME_edicion_Nacional.shp,BASE_RICARDO\NACIONAL_SERVICIOS_PUBLICOS\Subestaciones_UPME_edicion_Nacional.shp,1557,Point,LATITUD|LONGITUD|ALTITUD|PORCENTAJE|CAPACIDAD_|OBJECTID|ID_SUBESTA|COD_SUB_UP|ID_CONTACT|ID_ORGANIZ|NOM_SUBEST|ID_NIVEL_T|ID_TENSION|AMPLIACION|ID_ESTADO_|FECHA_OPER|FECHA_CORT|OBSERVACIO|COD_DPTO|COD_MPIO|ACTIVO|FECHA_OFIC|ID_USUARIO,38,19,11,2,2,2,2
Torre_Nacional.shp,BASE_RICARDO\NACIONAL_SERVICIOS_PUBLICOS\Torre_Nacional.shp,35437,Point,OBJECTID|cod_dpto|departamen|cod_mpio|municipio|fecha_repo|id_organiz|nombre_org|vigencia|fecha_oper|convenio_u|nombre_con|id_circuit|sistema|id_apoyo|numero_apo|cod_uc|clase_apoy|tipo_apoyo|estructura|altura_apo|cuerpos|resistenci|disp_nuevo|nombre_eje,0,0,0,0,0,0,0
TasaNetaMigracion_NecesidadEducacion_2000_2005.shp,BASE_LUISA\VUR5_VUR6_Migracion_2005\TasaNetaMigracion_NecesidadEducacion_2000_2005.shp,6,Polygon,OBJECTID|CODIGO|FIRST_NOM|PC_TNM_CRN,6,1,1,1,1,1,1
Central_Energia.shp,BASE_LUISA\VUR9_Vinculos_Fisicos_data\Central_Energia.shp,7,Point,NOMBRE_GEO|PROYECTO|SYMBOL|FECHA|PK_CUE|GLOBALID,0,0,0,0,0,0,0
Central_Energia_IGAC100k.shp,BASE_LUISA\VUR9_Vinculos_Fisicos_data\Central_Energia_IGAC100k.shp,0,,NOMBRE_GEO|PROYECTO|SYMBOL|PK_CUE|GLOBALID,0,0,0,0,0,0,0
Peaje.shp,BASE_LUISA\VUR9_Vinculos_Fisicos_data\Peaje.shp,9,Point,NOMBRE_GEO|PROYECTO|SYMBOL|FECHA|PK_CUE|GLOBALID,0,0,0,0,0,0,0
Puente_L.shp,BASE_LUISA\VUR9_Vinculos_Fisicos_data\Puente_L.shp,893,LineString,FUNCION_PU|NOMBRE_GEO|PROYECTO|SYMBOL|FECHA|RULEID|PK_CUE|GLOBALID|SHAPE_Leng,27,4,2,11,1,7,2
Puente_P.shp,BASE_LUISA\VUR9_Vinculos_Fisicos_data\Puente_P.shp,3404,Point,FUNCION_PU|NOMBRE_GEO|PROYECTO|SYMBOL|FECHA|ROTACION|RULEID|PK_CUE|GLOBALID,120,38,51,1,19,10,1
Red_Vial_INVIAS.shp,BASE_LUISA\VUR9_Vinculos_Fisicos_data\Red_Vial_INVIAS.shp,625,MultiLineString,objectid|key|cod_tramo|codigo_via|pr_inicial|dist_ini|pr_finl|dist_fin|territoria|tramo|sector|administra|amv|superficie|calzada|ruta|fuente|fecha_fuen|fecha_actu|concesion|observacio|estado|observac_1|reversion|pr_ini_con,4,1,1,0,2,0,0
Vias_DANE_MGN2018.shp,BASE_LUISA\VUR9_Vinculos_Fisicos_data\Vias_DANE_MGN2018.shp,123423,LineString,OBJECTID|FID_MGN_AD|DPTO_CCDGO|DPTO_NANO_|DPTO_CNMBR|DPTO_CACTO|DPTO_NAREA|DPTO_CSMBL|DPTO_NANO|PAIS_PAIS_|SHAPE_Leng|FID_roads|osm_id|name|ref|type|oneway|bridge|tunnel|maxspeed|SHAPE_Le_1,4187,2657,382,370,75,568,135
Via_Ferrea_IGAC100k.shp,BASE_LUISA\VUR9_Vinculos_Fisicos_data\Via_Ferrea_IGAC100k.shp,4,LineString,NOMBRE_GEO|TIPO_VIA_F|PROYECTO|SYMBOL|RULEID|PK_CUE|GLOBALID|SHAPE_Leng,0,0,0,0,0,0,0
Via_IGAC100k.shp,BASE_LUISA\VUR9_Vinculos_Fisicos_data\Via_IGAC100k.shp,1367,LineString,TIPO_VIA|ESTADO_SUP|NUMERO_CAR|ACCESIBILI|NOMBRE_GEO|PROYECTO|SYMBOL|FECHA|RULEID|PK_CUE|GLOBALID|EJE_VIAL|SHAPE_Leng,1367,505,238,186,92,234,112
Equipamientos_Choco.shp,BASE_VALENTINA\02_Equipamientos\Choco\Equipamientos_Choco.shp,36,Point,osm_id|osm_type|nombre|categoria|municipio|direccion|operator,0,0,0,0,0,0,0
Equipamientos_Nacional.shp,BASE_VALENTINA\02_Equipamientos\Nacional\Equipamientos_Nacional.shp,4017,Point,nombre|tipo|fuente|oficial,37,19,4,3,3,5,3
Equipamientos_Nacional_OSM_NOOFICIAL.shp,BASE_VALENTINA\02_Equipamientos\Nacional\Equipamientos_Nacional_OSM_NOOFICIAL.shp,3582,Point,osm_id|osm_type|amenity|name|addr|fuente,30,17,3,2,2,4,2
Equipamientos_Nacional_SUIT_Alcaldias_Gobernaciones.shp,BASE_VALENTINA\02_Equipamientos\Nacional\Equipamientos_Nacional_SUIT_Alcaldias_Gobernaciones.shp,435,Point,cod_sigep|nombre|tipo|depto|municipio|fuente,7,2,1,1,1,1,1
Salud_Choco.shp,BASE_VALENTINA\03_Salud\Choco\Salud_Choco.shp,266,Point,OBJECTID|CodigoHabi|Naturaleza|Nombre|Direccion|NombrePres|TipoZona|Barrio|Telefono|NOM_DPTO|NOM_MPIO|GlobalID|Prioridad|x|y|codigohab_|codigoha_1|codigo_c12|codigo_c10|nombre_1|nombre_dat|ese|nivel|naju_nombr,0,0,0,0,0,0,0
Salud_Choco_REPS2026_geocod.shp,BASE_VALENTINA\03_Salud\Choco\Salud_Choco_REPS2026_geocod.shp,410,Point,cod_prest|nom_prest|cod_hab|nom_sede|tipoid|numid|naturaleza|ese|mun_prest|dpto_prest|mun_prest_|dir_prest|email_pr|tel_prest|mun_sede|dpto_sede|mun_sede_n|dir_sede|email_sd|tel_sede|clase|fecha_cort|geocod_niv,0,0,0,0,0,0,0
Health_Facilities_ES.shp,BASE_VALENTINA\03_Salud\Nacional\Health_Facilities_ES.shp,19300,Point,OBJECTID|CodigoHabi|Naturaleza|Nombre|Direccion|NombrePres|TipoZona|Barrio|Telefono|NOM_DPTO|NOM_MPIO|GlobalID|Prioridad|x|y|codigohab_|codigoha_1|codigo_c12|codigo_c10|nombre_1|nombre_dat|ese|nivel|naju_nombr,157,119,10,10,1,5,12
Central_Energia_Nacional.shp,BASE_VALENTINA\04_Servicios_Publicos\Nacional\Central_Energia_Nacional.shp,499,Point,OBJECTID|cod_dpto|departamen|cod_mpio|municipio|id_organiz|nombre_org|nombre_eje|nombre_pro|vigencia|fecha_oper|convenio_u|nombre_con|sistema|nombre_sub|tipo_subes|tension|nivel_tens|configurac|instrument|tipo_instr|este|norte|observacio|fecha_rece,3,1,1,0,1,0,0
Red_Alta_Tension_Nacional.shp,BASE_VALENTINA\04_Servicios_Publicos\Nacional\Red_Alta_Tension_Nacional.shp,783,LineString,OBJECTID|fecha_repo|id_organiz|nombre_org|vigencia|fecha_oper|convenio_u|nombre_con|nombre_sub|nombre_s1|id_circuit|nombre_cir|nombre_tra|sistema|id_tramo|tension|nivel_tens|tipo_circu|cod_uc|circuito_v|longitud_t|tipo_condu|cable_guar|num_conduc|capacidad,2,1,0,0,0,1,0
Subestaciones_UPME_edicion_Nacional.shp,BASE_VALENTINA\04_Servicios_Publicos\Nacional\Subestaciones_UPME_edicion_Nacional.shp,1557,Point,LATITUD|LONGITUD|ALTITUD|PORCENTAJE|CAPACIDAD_|OBJECTID|ID_SUBESTA|COD_SUB_UP|ID_CONTACT|ID_ORGANIZ|NOM_SUBEST|ID_NIVEL_T|ID_TENSION|AMPLIACION|ID_ESTADO_|FECHA_OPER|FECHA_CORT|OBSERVACIO|COD_DPTO|COD_MPIO|ACTIVO|FECHA_OFIC|ID_USUARIO,38,19,11,2,2,2,2
Torre_Nacional.shp,BASE_VALENTINA\04_Servicios_Publicos\Nacional\Torre_Nacional.shp,35437,Point,OBJECTID|cod_dpto|departamen|cod_mpio|municipio|fecha_repo|id_organiz|nombre_org|vigencia|fecha_oper|convenio_u|nombre_con|id_circuit|sistema|id_apoyo|numero_apo|cod_uc|clase_apoy|tipo_apoyo|estructura|altura_apo|cuerpos|resistenci|disp_nuevo|nombre_eje,0,0,0,0,0,0,0
