objectid,carretera,cod_via,pr_ini_o,obs,estr_ale,vig_los,barandas,es_cr_in,MUNX
1232,Sogamoso - Aguazul,6211,116+0980,La Pamicha I,BUENO,BUENO,REGULAR,BAJO,AGUAZUL
1231,Sogamoso - Aguazul,6211,116+0163,La Pamicha I,REGULAR,BUENO,REGULAR,BAJO,AGUAZUL
1230,Sogamoso - Aguazul,6211,107+0050,La Pamicha I,BUENO,BUENO,REGULAR,BAJO,AGUAZUL
1229,Sogamoso - Aguazul,6211,104+0255,La Cauchera o La Peligrosa,REGULAR,BUENO,REGULAR,BAJO,AGUAZUL
1228,Sogamoso - Aguazul,6211,99+0544,Entrada obstruida con grandes rocas,REGULAR,BUENO,REGULAR,BAJO,AGUAZUL
1227,Sogamoso - Aguazul,6211,99+0050,Entrada obstruida con grandes rocas,BUENO,BUENO,REGULAR,BAJO,AGUAZUL
1226,Sogamoso - Aguazul,6211,98+0115,Entrada obstruida con grandes rocas,REGULAR,BUENO,BUENO,BAJO,AGUAZUL
1225,Sogamoso - Aguazul,6211,95+0120,Construir barandas.,REGULAR,BUENO,BUENO,BAJO,AGUAZUL
1224,Sogamoso - Aguazul,6211,93+0530,La honda.,REGULAR,BUENO,BUENO,BAJO,AGUAZUL
1391,Yopal - Paz de Ariporo,6513,28+0900,"La Cristalina, Ampliación",BUENO,BUENO,BUENO,BAJO,YOPAL
1390,Yopal - Paz de Ariporo,6513,28+0100,"La Cristalina, Ampliación",BUENO,BUENO,BUENO,BAJO,YOPAL
1389,Yopal - Paz de Ariporo,6513,26+0500,"La Cristalina, Ampliación",BUENO,BUENO,BUENO,BAJO,YOPAL
1388,Yopal - Paz de Ariporo,6513,25+0750,"La Cristalina, Ampliación",BUENO,BUENO,BUENO,BAJO,YOPAL
1387,Yopal - Paz de Ariporo,6513,25+0200,"La Cristalina, Ampliación",REGULAR,BUENO,REGULAR,BAJO,YOPAL
1386,Yopal - Paz de Ariporo,6513,24+0700,"La Cristalina, Ampliación",BUENO,BUENO,BUENO,BAJO,YOPAL
1385,Yopal - Paz de Ariporo,6513,24+0300,"La Cristalina, Ampliación",BUENO,BUENO,BUENO,BAJO,YOPAL
1384,Yopal - Paz de Ariporo,6513,22+0250,"La Cristalina, Ampliación",BUENO,BUENO,BUENO,BAJO,YOPAL
1383,Yopal - Paz de Ariporo,6513,17+0050,"La Cristalina, Ampliación",BUENO,BUENO,BUENO,BAJO,YOPAL
1382,Yopal - Paz de Ariporo,6513,16+0016,"La Cristalina, Ampliación",REGULAR,BUENO,BUENO,BAJO,YOPAL
1381,Yopal - Paz de Ariporo,6513,13+0300,"La Cristalina, Ampliación",REGULAR,BUENO,BUENO,BAJO,YOPAL
1380,Yopal - Paz de Ariporo,6513,12+0695,"La Cristalina, Ampliación",BUENO,BUENO,BUENO,BAJO,YOPAL
1379,Yopal - Paz de Ariporo,6513,9+0600,"La Cristalina, Ampliación",BUENO,BUENO,BUENO,BAJO,YOPAL
1378,Yopal - Paz de Ariporo,6513,8+0820,"La Cristalina, Ampliación",BUENO,BUENO,BUENO,BAJO,YOPAL
1377,Yopal - Paz de Ariporo,6513,8+0222,"La Cristalina, Ampliación",BUENO,BUENO,BUENO,BAJO,YOPAL
1376,Yopal - Paz de Ariporo,6513,7+0750,"La Cristalina, Ampliación",BUENO,BUENO,BUENO,BAJO,YOPAL
1375,Yopal - Paz de Ariporo,6513,6+0300,"La Cristalina, Ampliación",BUENO,BUENO,BUENO,BAJO,YOPAL
1374,Yopal - Paz de Ariporo,6513,4+0900,"La Cristalina, Ampliación",BUENO,BUENO,BUENO,BAJO,YOPAL
1373,Yopal - Paz de Ariporo,6513,3+0400,"La Cristalina, Ampliación",BUENO,BUENO,BUENO,BAJO,YOPAL
