estacion,sector,territ,conteo,au_p,bu_p,ca_p,tcam,MUNX
931,AGUAZUL-YOPAL,CASANARE,7806.0,67.35844222,1.89597745,30.74558032,2400.0,AGUAZUL; YOPAL
1097,BARRANCA DE UPIA-AGUACLARA,META,5205.0,63.22766571,4.05379443,32.71853987,1703.0,SABANALARGA; VILLANUEVA
932,YOPAL-ARAGUANEY,CASANARE,4527.0,60.83499006,2.65076209,36.51424785,1653.0,YOPAL
1099,RIO CUSIANA - AGUAZUL,CASANARE,3931.0,61.20580005,1.57720682,37.21699313,1463.0,AGUAZUL; TAURAMENA
933,ARAGUANEY-PAZ DE ARIPORO,CASANARE,3363.0,56.37823372,2.46803449,41.15373179,1384.0,YOPAL
1152,MONTERREY-RIO CUSIANA,CASANARE,3041.0,55.2449852,1.67707991,43.07793489,1310.0,MONTERREY; TAURAMENA
1141,AGUACLARA - MONTERREY,CASANARE,2574.0,45.68764569,3.4965035,50.81585082,1308.0,MONTERREY; SABANALARGA
776,PARATEBUENO-BARRANCA DE UPIA,META,2356.0,48.81154499,2.88624788,48.30220713,1138.0,VILLANUEVA
134,PAJARITO-AGUAZUL,CASANARE,1844.0,55.42299349,3.63340564,40.94360087,755.0,AGUAZUL
964,AGUAZUL-MANI,CASANARE,1290.0,60.85271318,2.40310078,36.74418605,474.0,AGUAZUL
782,SANTA MARIA-EL SECRETO,BOYACA,,,,,,SABANALARGA
787,EL SECRETO-AGUACLARA,CASANARE,,,,,,SABANALARGA
